name,city,state,lat,lng,price
WOODSHED OF BIG CABIN,Big Cabin,OK,36.534,-95.2246,3.00733333
KWIK TRIP #796,Tomah,WI,43.9838,-90.4733,3.28733333
SHELL DBA ONE9 #1244,Gila Bend,AZ,32.9306,-112.7468,3.259
LITTLEFIELD EXPRESS #2,Fort Smith,AR,35.367131,-94.396023,3.399
ACI TRUCK STOP,Columbia,NJ,40.9388,-75.055,3.079
SHEETZ #701,Mount Jackson,VA,38.7857,-78.6803,2.874
TEXAS TRAVEL CENTER,Jarrell,TX,30.8119,-97.5942,2.83233333
PETRO STOPPING CENTER #348,Shorter,AL,32.3836,-85.9162,3.154
CIRCLE K #4700101,Seymour,IN,38.9571,-85.8825,3.499
CASEYS #3205,Council Bluffs,IA,41.251967,-95.853667,3.599
TOPS TRUCK STOP,Sterling,ND,46.8436,-100.2744,3.51566666
MAVERIK COUNTRY STORE #616,Montrose,CO,38.4377,-107.899767,3.39566666
OASIS TRAVEL PLAZA,Laurel,DE,38.5537,-75.5631,3.229
DELAWARE TRUCK PLAZA,New Castle,DE,39.6065,-75.604933,3.249
One9 #89,Ellenton,FL,27.5382,-82.5006,3.439
DOWNIEVILLE FUEL STOP,Dumont,CO,39.7647,-105.6003,3.459
MOLLYS FOOD & FUEL,Crawfordville,GA,33.5708,-82.8872,3.499
SPEEDWAY #8723,Bridgeport,MI,43.3553,-83.8549,3.249
Lupton Truck Stop #567,Lupton,AZ,35.3539,-109.0537,3.299
ONE9 XPRESS FUEL #1264,Eloy,AZ,32.7509,-111.5833,3.139
CIRCLE K #4700095,Henderson,KY,37.8173,-87.58115,3.609
QUIKTRIP #7191,Effingham,IL,39.1217,-88.5611,2.999
LOVES TRAVEL STOP #766,Atkinson,IL,41.4162,-90.0225,3.389
PILOT TRAVEL CENTERS #446,Daleville,IN,40.1257,-85.511,3.514
ALL AMERICAN STORES #7,Fort Wayne,IN,41.089977,-85.100156,3.559
CUBBYS #2101,Gothenburg,NE,40.94,-100.1547,3.13233333
Mr Fuel dba Pilot Express #1149,Jacksonville,FL,30.311931,-81.653317,3.239
PILOT TRAVEL CENTERS #79,Denham Springs,LA,30.468333,-90.8833,3.23233333
ROAD RANGER #240,Lake Station,IN,41.5686,-87.2622,3.559
PILOT TRAVEL CENTERS #448,Hebron,IN,41.3155,-87.2088,3.354
Hop-In Food Stores,Nacogdoches,TX,31.65168,-94.6163,2.859
COFFEE CUP FUEL STOP #5,Moorcroft,WY,44.4154,-104.8389,3.239
DUDLEYS CORNER,Latimer,IA,42.7598,-93.3518,3.23233333
Kwik Star#223,Clear Lake,IA,43.1406,-93.385,3.079
Brew Stuart Truckstop,Stuart,IA,41.5033,-94.3186,3.099
QUIKTRIP #7151,West Memphis,AR,35.14745,-90.1812,2.999
SINCLAIR,Atwood,CO,40.5082,-103.2749,3.299
24/7 TRAVEL PLAZA,Salina,KS,38.832,-97.62675,2.974
PILOT TRAVEL CENTERS #31,Highland,IN,41.55,-87.4569,3.799
MARATHON,Sardinia,OH,38.9832,-83.7966,3.56566666
CIRCLE K #2721593,Ocean Springs,MS,30.42585,-88.80395,3.41566666
DERBY CITYS TRUCK PLAZA,Mount Vernon,KY,37.3983,-84.3379,2.999
LOVES TRAVEL STOPS #363,Ocala,FL,29.1703,-82.148907,3.329
SUPER LUCKY LOUIES,Port Allen,LA,30.472,-91.2541,3.03233333
SAVE,Lake Village,IN,41.1387,-87.4454,3.179
BIG D TRUCK TRAVEL PLAZA,Duson,LA,30.1912,-92.1525,2.98233333
DISCOUNT ZONE,New Orleans,LA,29.957052,-90.070359,3.149
GOLDEN OX TRUCK STOP,Hays,KS,38.8782,-99.3348,3.499
BFS FOODS #66,Grantsville,MD,39.6551,-79.1241,3.899
PILOT TRAVEL CENTER #917- TOWN PUMP,Great Falls,MT,47.52696,-111.28084,3.63566666
CASEYS #3956,Bridgman,MI,41.9362,-86.5543,3.559
CORNER MARKET #117,Dodge City,KS,37.7569,-100.0241,3.399
LOVES TRAVEL STOP #645,Monroe,MI,41.91865,-83.45835,3.239
CARLISLE PLAZA,Carlisle,IN,38.9763,-87.3667,3.499
SPEEDWAY #6092,Taylorsville,IN,39.2953,-85.9498,3.35733333
LOVES TRAVEL STOP #173,Lawrence,KS,38.96718,-95.25106,3.229
PETES #56,Cherryvale,KS,37.2668,-95.559,3.23233333
LOVES TRAVEL STOP #176,Matfield Green,KS,38.1448,-96.5541,3.25566666
PRIDE CONVENIENCE STORE,Springfield,MA,42.124379,-72.572732,3.559
QUIKTRIP #231,Kansas City,KS,39.104587,-94.69292,3.199
FATDOGS OGALLALA,Ogallala,NE,41.1275,-101.7107,3.014
FLYING J TRAVEL PLAZA #748,Willard,UT,41.3989,-112.0317,3.749
PILOT TRAVEL CENTER #91,Saint Johns,FL,30.0815,-81.5477,3.424
7-ELEVEN #40514,Portage,IN,41.5672,-87.1757,3.99066666
LOVES TRAVEL STOP #403,Binghamton,NY,42.113,-75.8936,3.679
WILTON TRAVEL PLAZA,Gansevoort,NY,43.1803,-73.7053,3.749
WARREN OIL,Hammond,IN,41.57518,-87.46972,3.439
7-Eleven #41830,Jacksonville,TX,31.9618,-95.2703,2.91566666
Maverik #727,Yuma,AZ,32.68054,-114.55854,3.179
Pilot Travel Centers #14,Sunbury,OH,40.2655,-82.8511,3.719
Circle K #4705624,Seville,OH,41.0227,-81.8562,3.06566666
SPEEDWAY #9385,Hebron,OH,39.9535,-82.4919,3.369
FUEL MART #641,Perrysburg,OH,41.54995,-83.60995,3.499
E-Express at Central Truck Stop,Oklahoma City,OK,35.494951,-97.488642,2.879
E EXPRESS,Choctaw,OK,35.4718,-97.2726,2.899
RACETRAC #2594,Dublin,GA,32.4997,-82.92655,2.999
MAVERIK COUNTRY STORE #502,Alliance,NE,42.1149,-102.888,3.259
MR FUEL #753,Ruther Glen,VA,37.9451,-77.4714,3.26566666
THE COUNTRY OASIS,Woodburn,IN,41.1253,-84.8533,3.399
ROCK PORT TRUCK PLAZA,Rock Port,MO,40.4306,-95.5274,3.099
TRUCK STOP 44,Gilbert,SC,33.9581,-81.3914,3.079
7-Eleven #41376,Orangeburg,SC,33.514425,-80.866075,3.22566666
LOAF N JUG #750010,Alamosa,CO,37.47315,-105.8802,3.259
LOVES TRAVEL STOP #343,Toomsuba,MS,32.4296,-88.4892,3.009
GASTRAK OF PEMBINA,Pembina,ND,48.859,-97.2886,3.299
ALLSUPS #2387,Guymon,OK,36.6961,-101.4778,2.97566666
MURPHY EXPRESS #8928,Laredo,TX,27.518557,-99.461743,2.84566666
EDDIES CORNER,Moore,MT,46.9755,-109.6969,3.749
One9 #403,Heiskell,TN,36.115,-84.0438,2.999
CASEYS #4205,Knoxville,TN,35.971652,-83.964548,3.099
PLATEAU TRUCK AND AUTO CENTER,Van Horn,TX,31.0391,-104.8245,3.099
GO MART FOOD STORE #57,Lore City,OH,40.0459,-81.4479,3.179
CIRCLE K #2723322,Gainesville,GA,34.30806,-83.86304,3.26566666
FASTBREAK,West Point,MS,33.6076,-88.6503,3.059
PLAZA 30,Wanatah,IN,41.3845,-86.8764,3.499
QUIKTRIP #7203,Peru,IL,41.333,-89.1265,2.969
Circle K #2741795,Maumelle,AR,34.8491,-92.4059,3.18566666
MR FUEL #719,Gary,IN,41.579437,-87.339713,3.56566666
RED DOG,Egan,LA,30.251,-92.5002,3.049
LOVES TRAVEL STOP #449,Troutdale,OR,45.5254,-122.3739,3.779
PWI #586,Rock Springs,WY,41.59675,-109.21645,3.199
AMERISTAR TRAVEL PLAZA #120,Prosser,WA,46.2232,-119.771,4.399
QUIKTRIP #7170,Cottondale,AL,33.1767,-87.3871,2.91566666
TA Concordia Travel Plaza,Concordia,MO,38.9776,-93.5812,3.22566666
MAVERIK COUNTRY STORE #702,Sidney,NE,41.17925,-102.99075,3.11233333
JIFFY MART EXIT 18 TRUCK STOP,Lebanon,NH,43.6435,-72.2473,3.599
TA MAYBROOK TRAVEL CENTER,Montgomery,NY,41.5333,-74.2534,4.359
KWIK FILL #227,Geneva,OH,41.8029,-80.9474,3.15233333
UNION 76,Albany,OR,44.639,-123.09515,3.379
ONE9 #1366,Holladay,TN,35.8951,-88.0912,2.98566666
PETRO STOPPING CENTER #350,Canutillo,TX,31.9344,-106.5929,3.499
CROWN POINT TRUCK STOP,Thorofare,NJ,39.8457,-75.1943,3.549
TA EXPRESS SUMMIT,Summit,SD,45.3521,-97.0427,3.20566666
7-ELEVEN #35101,Randolph,NY,42.1631,-78.96,4.499
Quiktrip #356,Wichita,KS,37.694591,-97.341863,3.194
BP,Ottumwa,IA,41.0309,-92.4098,3.399
Arco #364420,Greenup,KY,38.5368,-82.9191,3.649
QUIKTRIP #4231,Evans,CO,40.3803,-104.6971,3.17233333
AYERCO #26,Alexandria,MO,40.3445,-91.5154,3.01566666
Kwik Trip #1508,Barneveld,WI,43.0158,-89.9042,3.489
SPEEDWAY #7459,North Chicago,IL,42.379,-87.8165,3.289
Ocean Fuel,Sylvania,GA,32.7439,-81.6287,3.499
CIRCLE K #2704888,Pelham,AL,33.2932,-86.768,3.46566666
SPEEDWAY #1439,Mc Calla,AL,33.2845,-87.1024,2.90233333
CASEYS #4254,Conway,AR,35.094275,-92.400425,3.03233333
TCI PHOENIX,Phoenix,AZ,33.491612,-112.079255,2.92233333
Arco dba One9 #1258,Quartzsite,AZ,33.69805,-114.21605,3.359
STINKER #85,Blackfoot,ID,43.1943,-112.3615,3.53233333
SHELL DBA ONE9 #1401,Lake City,FL,30.181375,-82.648025,3.244
SUNSTOP INLAND DBA ONE9 #1402,Marianna,FL,30.744933,-85.214567,3.299
CIRCLE K #2705367,Thomson,GA,33.4774,-82.4942,3.399
BC AMPRIDE TRUCK PLAZA,Denison,IA,42.0196,-95.3636,3.399
KWIK STAR #704,Parkersburg,IA,42.5714,-92.7688,3.58233333
TRAVELERS OASIS,Eden,ID,42.5868,-114.2467,3.799
LOVES TRAVEL STOP #770,Wadsworth,IL,42.446,-87.904,3.759
SPEEDWAY #7423,Ina,IL,38.1527,-88.8894,3.249
VILLAGE PANTRY #5210,Oakwood,IL,40.1167,-87.7825,3.179
CIRCLE K #4701398,Divernon,IL,39.5692,-89.6626,3.499
SPEEDWAY #8047,Greenfield,IN,39.7902,-85.8141,3.599
SPEEDWAY #8061,Knightstown,IN,39.806,-85.5261,3.759
CIRCLE K #2704691,Cedar Creek,TX,30.0966,-97.4976,3.199
CircleK #4702365,Shelbyville,IN,39.5043,-85.7875,3.509
One9 #297,Terre Haute,IN,39.467675,-87.389,3.43566666
PILOT TRAVEL CENTER #36,Valparaiso,IN,41.471933,-87.073333,3.859
SHORT STOP #13,Emporia,KS,38.4184,-96.1871,2.839
PILOT TRAVEL CENTERS #353,Georgetown,KY,38.2117,-84.5562,3.20566666
SPEEDWAY #9567,Lebanon Junction,KY,37.8511,-85.7246,3.16566666
SOUTHERN BELLE TRUCK STOP,Saint Francisville,LA,30.8694,-91.4186,3.384
ALLTOWN MARKETS #306,Leominster,MA,42.5274,-71.7563,3.68233333
ONE9 #290,Perryville,MD,39.5649,-76.0592,3.599
D AVENUE FUEL PLAZA,Kalamazoo,MI,42.28647,-85.57871,3.099
ROADHAWK TRAVEL CENTER,Paw Paw,MI,42.2349,-85.9005,3.559
KWIK TRIP #250,Austin,MN,43.6695,-92.9784,3.374
CASEYS #3658,Pillager,MN,46.3607,-94.4895,3.299
AYERCO #35,Bowling Green,MO,39.3346,-91.1962,3.01566666
Lamar Travel Plaza,Lamar,MO,37.5191,-94.3364,3.199
AYERCO #44,Palmyra,MO,39.7913,-91.5368,3.01566666
TEMP STOP #103,Sedalia,MO,38.7003,-93.2303,3.199
SNAPPY MART #11,West Plains,MO,36.7284,-91.8717,3.299
SPRINT MART #27,Corinth,MS,34.8982,-88.5567,3.05566666
DOUBLE QUICK #89,Greenville,MS,33.3666,-90.995675,3.25566666
JOE JOES TRAVEL CENTER,Red Banks,MS,34.8937,-89.5649,2.97233333
LOVES TRAVEL STOP #667,Mebane,NC,36.0979,-79.2719,3.94733333
CIRCLE K #2723844,Sanford,NC,35.465533,-79.163333,3.049
Coastal Fuel,Wilmington,NC,34.199792,-77.8864,3.399
CIRCLE K #2720939,Wilson,NC,35.73355,-77.931675,3.049
FATDOGS GRAND ISLAND TRAVEL CENTER,Grand Island,NE,40.907667,-98.410167,2.979
BORDENTOWN VALERO,Bordentown,NJ,40.1431,-74.7032,3.499
Delta,Fairfield,NJ,40.8822,-74.296,3.20233333
BOLLA TRUCK STOP #193,Mahwah,NJ,41.0928,-74.17525,3.53233333
GLOBAL,Palmyra,NJ,40.0037,-75.0257,3.359
PETRO STOPPING CENTER #313,Milan,NM,35.1698,-107.8909,3.57066666
7- ELEVEN #40507,Rolling Prairie,IN,41.7229,-86.5841,3.98233333
SPEEDWAY #9400,Canton,OH,40.814772,-81.3829,3.369
AP FUEL STOP,Lima,OH,40.747333,-84.12225,3.08066666
SUNOCO,Montpelier,OH,41.5982,-84.6147,3.41566666
ONCUE EXPRESS #2045,Billings,OK,36.5246,-97.4189,3.21566666
DOMINO FOOD AND FUEL #1,Clinton,OK,35.5115,-98.9795,3.099
ONE9 #339,Covington,IN,40.1326,-87.3819,3.26233333
SAC SHOP #507,Breezewood,PA,39.9905,-78.2453,4.099
GETTYSBURG TRAVEL PLAZA,Gettysburg,PA,39.832,-77.2223,3.899
CIRCLE K #4702409,Lafayette,IN,40.376883,-86.8716,3.15733333
KWIK FILL #259,Mechanicsburg,PA,40.1956,-77.01505,4.049
PILOT TRAVEL CENTERS #346,Lugoff,SC,34.2296,-80.7147,3.43233333
BIG D #30,Cheyenne,WY,41.15185,-104.7939,3.204
HOT SPOT #3005,Chesnee,SC,35.1154,-81.8678,3.199
RACEWAY #6854,Rockmart,GA,33.9979,-85.0594,3.17233333
PETRO FLORENCE,Florence,SC,34.137967,-79.70625,3.32566666
CIRCLE K #2705370,Inman,SC,35.0528,-82.054,3.099
QUIKTRIP #1198,Lexington,SC,33.939033,-81.235733,3.129
CIRCLE K #2705348,Beech Island,SC,33.4707,-81.8639,3.159
7-ELEVEN #41813,Duncan,SC,34.9176,-82.1258,3.099
ROADRUNNER MARKET #6019,Greeneville,TN,36.1818,-82.849267,3.499
Circle #4703923,Chattanooga,TN,35.04139,-85.283515,2.78566666
BLU STATION- LAMAR AVE,Memphis,TN,35.159839,-89.969254,2.969
QUIKTRIP #7914,Amarillo,TX,35.253452,-101.865656,2.84566666
YESWAY #1157,Brownfield,TX,33.1698,-102.2762,2.99233333
DILLEY TRUCK STOP,Dilley,TX,28.6782,-99.1747,3.06566666
TOOT N TOTUM #106,Dumas,TX,35.8823,-101.968,3.00566666
STRIPES #40911,Freer,TX,27.88,-98.6061,3.099
SEIBERT TRAVEL PLAZA,Seibert,CO,39.3183,-102.8822,3.499
CATTREZ,Irving,NY,42.5739,-79.0596,2.899
I MART #108,Wildersville,TN,35.7698,-88.4388,3.099
Kum & Go #0535,Des Moines,IA,41.650284,-93.586047,2.98733333
FLYING J TRAVEL PLAZA #924- TOWN PUMP,Butte,MT,45.96312,-112.62496,3.56566666
Stripes 7Fleet #42498,Andrews,TX,32.3201,-102.5409,3.369
FLYING J #305,Jamestown,NM,35.4809,-108.1767,3.44233333
7-ELEVEN #36156,Eighty Four,PA,40.1868,-80.0627,4.999
ONVO TRAVEL PLAZA,Mc Graw,NY,42.5948,-76.082,3.439
CIRCLE K #2723387,Beaumont,MS,31.1693,-88.92,3.56566666
DONNAS TRAVEL PLAZA,Marysville,WA,48.0811,-122.1771,4.559
ROYAL FARMS #111,Baltimore,MD,39.301857,-76.620995,3.209
GO MART FOOD STORE #33,Ripley,WV,38.809,-81.702,3.499
SPEEDWAY #1449,Birmingham,AL,33.516468,-86.843787,2.97566666
RACEWAY #6973,Bridgeport,TX,33.187,-97.781,2.78233333
TA DENVER EAST TRAVEL CENTER,Commerce City,CO,39.8171,-104.9226,3.37566666
PILOT TRAVEL CENTERS #60,Bowman,SC,33.3475,-80.6709,3.43233333
TA LAS CRUCES TRAVEL CENTER,Las Cruces,NM,32.379678,-106.769089,3.14066666
TEX BEST #529,Von Ormy,TX,29.275,-98.6677,3.049
KWIK TRIP #976,Oak Creek,WI,42.8892,-87.9027,3.579
ROSCOE TRAVEL PLAZA,Roscoe,TX,32.4276,-100.5391,2.759
SPEEDWAY #8310,Plymouth,IN,41.353,-86.3015,3.609
Gas N Wash,Chicago,IL,41.854213,-87.67605,3.399
CEFCO #3,Cameron,TX,30.8527,-96.9766,2.989
CHEVRON,Calhoun,LA,32.5248,-92.3299,3.159
BETTY BEAVERS TRUCKSTOP,Fultonville,NY,42.9036,-74.3598,3.149
RAPID ROBERTS #122,Joplin,MO,37.07795,-94.5105,2.899
CIRCLE K #2723123,Dunn,NC,35.3114,-78.612,3.14233333
ALLENS FOOD MART280,Sylacauga,AL,33.17365,-86.31435,3.799
TOPPS FUEL STOPS,Daingerfield,TX,33.0313,-94.7359,3.109
TOOT N TOTUM #120,Liberal,KS,37.0327,-100.9333,3.01566666
SHELL,Buna,TX,30.4132,-93.9913,3.10233333
PWI #164,Abbott,TX,31.8916,-97.0671,2.89233333
M-46 AUTO TRUCK PLAZA,Howard City,MI,43.4083,-85.4856,3.099
DK #11822,Midland,TX,31.939173,-102.066982,2.85733333
CEFCO #2076,Panhandle,TX,35.3808,-101.4304,2.94566666
KENT KWIK #804,Perryton,TX,36.3748,-100.8156,2.999
RACETRAC #2600,Okeechobee,FL,27.288133,-80.872067,3.299
STUCKEY'S,Hattiesburg,MS,31.24955,-89.325133,2.999
CEFCO #1117,Marshall,TX,32.531733,-94.351467,2.83233333
STRIPES #42435,San Angelo,TX,31.460629,-100.443057,2.799
EXIT 76 AUTO TRUCK PLAZA,Byron Center,MI,42.8016,-85.7136,3.499
CIRCLE K #2743950,San Antonio,TX,29.464699,-98.498407,2.804
GO MART FOOD STORE #44,Sutton,WV,38.6541,-80.676,3.559
TA WALTON #28,Walton,KY,38.8875,-84.6328,3.00233333
USA TRAVEL CENTER,Kingman,AZ,35.219767,-113.929767,3.399
Pilot Travel Center #666,Benton Harbor,MI,42.11265,-86.4388,3.059
JDS TRUCKSTOP,Niles,MI,41.8202,-86.2368,3.749
CIRCLE K #2744529,Seagoville,TX,32.6525,-96.558,2.95066666
HOLIDAY STATIONSTORE #3552,Lakeville,MN,44.6749,-93.2578,3.549
Allsup's #2454,Sterling City,TX,31.8351,-101.0017,3.224
ALLSUPS CONVENIENCE STORE #2361,Stratford,TX,36.3335,-101.9886,2.95733333
MIKE MCDONALD TRUCK STOP,Terrell,TX,32.74235,-96.23905,2.87066666
CIRCLE K #2741544,Three Rivers,TX,28.4756,-98.1782,3.06566666
YESWAY #1077,Tye,TX,32.4477,-99.8684,2.87566666
LUCKY TRUCK STOP,Whitesboro,TX,33.659,-96.879,2.88566666
MAVERIK COUNTRY STORE #635,Cedar City,UT,37.6775,-113.0619,3.44233333
MAVERIK COUNTRY STORE #693,Green River,UT,39.0002,-110.1598,3.28233333
BELL TRUCK STOP,Park City,UT,40.674433,-111.518433,3.45233333
Salina Cardlock (Bulk Plant),Salina,UT,38.956,-111.8811,3.449
CASEYS #3058,Wellington,KS,37.2778,-97.391,3.299
RBS ONE STOP,Woods Cross,UT,40.8874,-111.9027,3.459
CIRCLE K #2723710,Austinville,VA,36.8195,-80.8583,3.24066666
QUICK STOP MARKET #36,Bristol,VA,36.6134,-82.19076,3.399
7-ELEVEN #40063,Dublin,VA,37.1057,-80.6853,3.199
LOVES TRAVEL STOPS #399,Lambsburg,VA,36.5775,-80.7601,3.589
7-ELEVEN #34515,King George,VA,38.2811,-77.126,3.399
QUARLES #4962,Staunton,VA,38.15835,-79.064,2.899
FAS MART #3555,Gordonsville,VA,38.1759,-78.1815,3.699
Joe's Kwik Mart #8409,Suffolk,VA,36.7804,-76.59635,3.03233333
LOVES TRAVEL STOPS #305,Toms Brook,VA,38.9476,-78.4331,3.649
CIRCLE K #2723705,Wytheville,VA,36.9407,-81.0941,3.26566666
MAPLEWOOD IRVING,Montpelier,VT,44.251614,-72.578857,3.699
LOVES TRAVEL STOP #418,Grayson,KY,38.3326,-82.9485,3.75566666
FLYING J FRANCHISE #967,Spokane,WA,47.664696,-117.398543,3.929
GEE CEES TRUCK STOP,Toledo,WA,46.4396,-122.8266,3.839
KWIK TRIP #427,Bloomer,WI,45.1025,-91.49,3.41566666
Camp Douglas BP,Camp Douglas,WI,43.9885,-90.2393,3.154
RIVER CITY TRAVEL PLAZA,Marinette,WI,45.0874,-87.6697,3.399
KWIK TRIP #222,Superior,WI,46.7016,-92.0912,3.339
KWIK TRIP #679,Sheboygan,WI,43.758967,-87.703133,3.21566666
BFS FOODS #72,Bruceton Mills,WV,39.6454,-79.6159,3.499
GO MART FOOD STORE #59,Huntington,WV,38.41474,-82.34175,3.499
GO MART FOOD STORE #86,Ivydale,WV,38.5357,-81.0348,3.599
HOMAX SERVICE,Mills,WY,42.8405,-106.3659,3.169
MAVERIK COUNTRY STORE #547,Casper,WY,42.85374,-106.33138,3.18566666
Fast Stop Travel Centers #1133,Douglas,WY,42.7626,-105.3855,3.499
PINE BLUFFS SINCLAIR,Pine Bluffs,WY,41.1788,-104.0666,3.699
One9 #1251,Wamsutter,WY,41.6583,-108.1517,3.499
ALLSUPS CONVENIENCE STORE #2159,Seymour,TX,33.5914,-99.2587,3.299
ALLSUPS CONVENIENCE STORE #2366,Slaton,TX,33.4373,-101.6435,2.969
Main Street Market #112,Wickett,TX,31.5692,-103.0067,2.879
LWS TRUCK STOP,Logan,UT,41.7249,-111.8401,3.42566666
FLYING J TRAVEL PLAZA #773,Richfield,UT,38.7388,-112.0744,3.699
FLYING J TRAVEL PLAZA #774,Snowville,UT,41.966,-112.7269,3.749
KWIK TRIP #838,Reedsburg,WI,43.4627,-89.9759,3.194
A C TRUCKSTOP,Laramie,WY,41.37055,-105.623725,3.079
Mountain View Truck Stop,Thurmont,MD,39.6109,-77.3989,4.099
SPEEDWAY #4709,Fairmont,MN,43.6376,-94.451,3.299
KWIK TRIP #149,Saint Cloud,MN,45.559164,-94.1649,3.21066666
SMILEYS FUEL CITY,Raphine,VA,37.9374,-79.2219,3.539
GO MART FOOD STORE #51,Mount Nebo,WV,38.1653,-80.7976,3.599
CLARKS PUMP N SHOP #10,Jackson,OH,39.0428,-82.6472,3.699
Certified Oil #400410,Ravenna,OH,41.1649,-81.2337,3.31566666
NATURAL BRIDGE SHELL,Lynn,AL,34.053,-87.5398,3.68233333
Roadrunner #471,North Little Rock,AR,34.786022,-92.2857,3.03233333
PILOT TRAVEL CENTER #66,Braselton,GA,34.1389,-83.7812,3.27233333
PO JOS GAS N GO,Register,GA,32.3382,-81.8728,3.23233333
SPEEDWAY #7448,Naperville,IL,41.769683,-88.1449,3.299
QUIKTRIP #605,Saint Louis,MO,38.640271,-90.28631,2.899
S&G #36,Millbury,OH,41.5611,-83.4381,3.49233333
Circle K #4703917,Cross Plains,TN,36.5531,-86.6761,2.949
CIRCLE K #2707321,Bartow,FL,27.89605,-81.8279,3.52233333
GETGO #3602,Bedford,PA,39.9908,-78.5261,4.09233333
SCOTCHMAN #3894,Rock Hill,SC,34.9722,-81.11958,3.079
SHELL,Christiana,TN,35.696,-86.368,3.13233333
QUARLES #4916,Portsmouth,VA,36.840063,-76.343537,3.46566666
RSTORE #4478,Prentice,WI,45.5482,-90.2942,3.039
PWI #106,Royse City,TX,32.9628,-96.3648,2.899
PILOT TRAVEL CENTERS #9,Franklin,OH,39.5357,-84.303,3.35233333
TA JANESVILLE TRAVEL CENTER,Janesville,WI,42.70465,-89.05045,3.299
Maverik Country Store #724,Rawlins,WY,41.7951,-107.2349,3.289
DEEP WATER TRUCK STOP,Penns Grove,NJ,39.6994,-75.4495,3.279
FLYING J #584,Aurora,OR,45.2284,-122.8039,3.859
PIT STOP TRAVEL CENTER,Riverton,WY,43.0351,-108.2024,4.399
LITTLE NASHVILLE,Nashville,IL,38.3352,-89.3841,3.299
7-ELEVEN #38638,Erie,CO,40.0597,-105.0686,3.399
PAR MAR FOOD STORE #89,Mineral Wells,WV,39.208767,-81.503233,3.499
PONY EXPRESS SERVICE CENTER,Hanover,KS,39.8927,-96.8689,2.95566666
LOVES TRAVEL STOP #046,Hooker,OK,36.8109,-101.2163,3.56233333
PORTS TO PLAINS TRAVEL PLAZA,Lamar,CO,38.0841,-102.6192,3.399
JOHNNYS MARKET,Fremont,IN,41.7331,-84.9452,3.699
Stinker #121,Heyburn,ID,42.5599,-113.7709,3.56066666
JIFFY MART #451,Wells River,VT,44.1524,-72.053,3.569
Fast Stop Travel Centers #1145,Downey,ID,42.4181,-112.109,3.799
QUIKTRIP #7149,Clarksville,TN,36.52536,-87.3547,2.91566666
KWIK FILL #22,Weedsport,NY,43.0489,-76.5425,3.899
Chevron #382354,Chehalis,WA,46.6382,-122.9658,4.299
PILOT #1180,Tonopah,AZ,33.4228,-112.9528,3.899
TA TALLULAH TRAVEL CENTER,Tallulah,LA,32.42055,-91.12565,3.209
KUM & GO #0449,Neosho,MO,36.8706,-94.3862,3.05566666
Maverik #734,Pueblo,CO,38.230442,-104.604475,3.289
NIC'S,Bainbridge,GA,30.908833,-84.575967,3.379
RACEWAY #6989,Moulton,AL,34.5058,-87.2224,3.049
GOLDEN GATE AUTO TRUCK PLAZA,Sparks,NV,39.582757,-119.7272,3.539
EAGLE TRUCK STOP,New Philadelphia,OH,40.4845,-81.4358,3.31566666
NORTH LEWISTON DYNAMART,Lewiston,ID,46.3646,-116.8609,3.669
GAS N GO #15,Lyman,WY,41.3291,-110.2926,3.46566666
STAMART 1222,Fargo,ND,46.869769,-96.801908,3.38566666
ONE9#226,Dandridge,TN,36.0008,-83.4233,3.259
TP TRUCK STOP,Fort Hall,ID,43.0331,-112.4285,3.519
GOLDYS TRUCK PLAZA,Rustburg,VA,37.2545,-79.1215,3.519
MAVERIK COUNTRY STORE #611,Albuquerque,NM,35.077348,-106.644838,3.194
HWY 190 FUEL STOP,Jasper,TX,30.8673,-93.9977,3.13233333
EXIT 77 TRAVEL PLAZA,Harrisburg,PA,40.278123,-76.863158,3.499
TA EXPRESS STEELE,Steele,ND,46.8524,-99.9336,3.599
QUIKTRIP #1036,Charlotte,NC,35.22877,-80.823747,3.304
S and R Truck Plaza,Jamestown,ND,46.9377,-98.8017,3.58566666
E-Z MART #4460,Monroe,LA,32.49987,-92.10978,3.129
YESWAY #1178,Kadoka,SD,43.8446,-101.5523,3.189
CIRCLE K #2723726,Knoxville,AL,32.9824,-87.7919,3.089
CHEVRON,Delta,LA,32.3257,-90.927,2.994
BUSY BEE,Live Oak,FL,30.23575,-83.0074,3.779
SHEETZ #553,Greencastle,PA,39.7818,-77.747,3.33233333
Mr Ts Riverside,Cardwell,MO,36.0434,-90.2907,3.199
SPEEDWAY #4638,Madison Heights,VA,37.4531,-79.1141,3.49566666
RSTORE #4488,Merrill,WI,45.1809,-89.6907,3.24066666
RACEWAY #6960,Dothan,AL,31.20276,-85.39962,3.199
MOBIL,Champlain,NY,44.9773,-73.4466,3.799
JP TRAVEL PLAZA,Jackson,GA,33.282,-83.9784,3.159
GOLDEN GATE PETROLEUM,Grand Junction,CO,39.061714,-108.530514,3.499
CHEROKEE TRAVEL MART,Calumet,OK,35.5476,-98.1512,3.10566666
RACETRAC #2629,Tuscumbia,AL,34.6874,-87.6833,2.999
QUIKTRIP #71,Tulsa,OK,36.138438,-95.970035,3.039
TONKAWA TRADING POST,Tonkawa,OK,36.6806,-97.3063,2.999
JASPER FOOD MART,Jasper,AL,33.867575,-87.257275,3.229
SPEEDWAY #7137,Cookeville,TN,36.17762,-85.49758,3.07733333
BP,New Paris,IN,41.4917,-85.8338,3.65733333
ERNIES FUEL STOP #1605,Kent,WA,47.3813,-122.211714,4.599
TOP STOP MARKET,Manchester,TN,35.4967,-86.0782,3.01566666
PRAIRIE JUNCTION TRUCK STOP,Colman,SD,43.9558,-96.8189,3.099
PERHAM OASIS,Perham,MN,46.6031,-95.5818,3.499
LOVES TRAVEL STOPS #228,Polk City,FL,28.1987,-81.8083,3.389
MAXS #124,Oak Grove,KY,36.6652,-87.4255,3.04233333
LITTLEFIELD EXPRESS #15,Bald Knob,AR,35.3113,-91.5502,3.309
POMPANO TRUCK STOP,Pompano Beach,FL,26.256837,-80.1749,3.759
ONE9 MR FUEL #64,Summerville,SC,33.0061,-80.189825,3.219
STRIPES #40813,Falfurrias,TX,27.2242,-98.1408,3.08733333
TA WEST MEMPHIS TRAVEL CENTER,Earle,AR,35.2799,-90.4503,3.36733333
OUTPOST TRUCK STOP,Lusk,WY,42.766,-104.4651,3.689
AMERICAN TRUCK PLAZA,Milton,PA,41.0168,-76.8398,3.799
MIRABITO #61,Central Square,NY,43.309,-76.1849,4.299
TA # 211 GREENLAND TRAVEL CENTER,Greenland,NH,43.0353,-70.8475,3.759
MR FUEL #1203,Meridian,MS,32.415414,-88.670443,2.81233333
CIRCLE K #2709846,Longmont,CO,40.1579,-105.0789,3.05733333
POPS Mart #333,Winnsboro,SC,34.381,-81.109,3.09066666
COUNTRY GIRL TRUCK STOP,Winnfield,LA,31.9214,-92.6366,3.319
JAYS EL CHEAPO FUEL STOP,Metter,GA,32.401,-82.0607,3.249
Par Mar Store #164,Jane Lew,WV,39.11,-80.4311,3.999
ERNIES TRUCK STOP,Federal Way,WA,47.316,-122.274825,4.599
PWI #167,Seguin,TX,29.58655,-97.967,2.889
FAMILY EXPRESS #47 (DISCOUNT AVAILABLE),Remington,IN,40.7667,-87.1599,3.55233333
PWI #168,Georgetown,TX,30.656125,-97.713325,2.799
RACETRAC #2603,Orlando,FL,28.517785,-81.307466,3.299
CHROME TRUCK STOP,Algona,IA,43.066,-94.2306,3.499
BOISE PETROLEUM LLC,Boise,ID,43.539279,-116.228175,3.379
CIRCLE K #2705346,Savannah,GA,32.017756,-81.094239,3.03233333
QUIKTRIP #1044,Kannapolis,NC,35.444367,-80.592833,3.154
CIRCLE K #4707404,Springfield,VT,43.3034,-72.4778,3.699
JP PERRY,Perry,GA,32.4605,-83.7283,3.08233333
HORIZON TRAVEL PLAZA,Cartersville,GA,34.19745,-84.79385,2.934
STUCKEYS TRAVEL CENTER,Orange,TX,30.1138,-93.814467,2.80733333
SUNMART #308,Livingston,TX,30.7504,-94.88335,2.859
Anna Truck Stop,Anna,OH,40.4051,-84.2103,3.01566666
SPARKYS ONE STOP #22,Jefferson,IA,42.0093,-94.3888,3.23233333
STOCKMENS TRUCK PLAZA,South Saint Paul,MN,44.8881,-93.046,3.499
STINKER I 80 TRAVEL PLAZA,Sinclair,WY,41.7802,-107.1172,3.759
CHEVRON,Lovelock,NV,40.1819,-118.4689,3.499
BINGO TRUCK STOP,Winnie,TX,29.8157,-94.3395,2.999
TA BRIDGER TRAVEL CENTER #188,Fort Bridger,WY,41.3166,-110.3843,3.71566666
TA Parowan Travel Center,Parowan,UT,37.8449,-112.8323,3.70566666
DELUXE TRUCK STOP,Saint Joseph,MO,39.749525,-94.83665,3.149
FUEL MART #787,Tuscola,IL,39.7995,-88.2816,3.199
SPEEDWAY #6674,South Bend,IN,41.663575,-86.263838,3.69066666
S&G #88,Toledo,OH,41.675647,-83.530619,3.009
ROAD RANGER #141,Brazil,IN,39.521,-87.1278,3.659
One9 #16,Wilmington,OH,39.4488,-83.8417,3.14233333
SNOW SHOE TRAVEL PLAZA,Snow Shoe,PA,41.0376,-77.9523,3.469
TEX-BEST #519,Alice,TX,27.7477,-98.07665,2.899
SPEEDWAY #2314,New Baltimore,MI,42.6834,-82.798,3.559
WARREN TRAVEL PLAZA,Warren,IN,40.6886,-85.4183,3.399
BEARS DEN TRADING POST #101,Hogansburg,NY,44.9825,-74.6626,3.649
SPEEDWAY #4704,Albert Lea,MN,43.6537,-93.3707,3.299
SPEEDWAY #4706,Chamberlain,SD,43.80305,-99.32125,3.299
KEYSTONE TRUCK STOP,Loretto,PA,40.5105,-78.6294,3.999
GENEVA TRUCK STOP,Cochranton,PA,41.5205,-80.0573,3.81566666
PLAZA 23 TRUCK STOP,Albany,NY,42.658598,-73.763798,3.799
JORDAN'S KWIK STOP #70,West Helena,AR,34.5496,-90.6545,3.399
PILOT TRAVEL CENTER #906-TOWN PUMP,Columbus,MT,45.6262,-109.2571,3.58066666
JORDANS #75,Newport,AR,35.5988,-91.2571,3.299
SIMMONS TRAVEL CENTER,Emporia,VA,36.6857,-77.563,3.099
Brake Time Corner Market,Burlington,CO,39.3106,-102.2583,3.499
REATTA TRAVEL STOP,Crook,CO,40.8747,-102.8472,3.38233333
MAVERIK #691,Denver,CO,39.738727,-104.981688,3.284
SPEEDWAY #4701,Jackson,MN,43.6457,-94.9938,3.299
FAST MARKET,Colorado Springs,CO,38.844228,-104.76793,3.159
ONCUE EXPRESS #61,Perry,OK,36.2875,-97.2842,3.21566666
SHORE STOP #279,Greenwood,DE,38.8175,-75.5935,3.239
Fics Plaza,Deer Lodge,MT,46.3881,-112.7476,3.519
CIRCLE K #2701686,Bradenton,FL,27.449547,-82.49594,3.439
7-ELEVEN #40084,Palisades Park,NJ,40.8462,-73.9954,3.099
MICCOSUKEE SERVICE PLAZA,Fort Lauderdale,FL,26.127551,-80.212219,3.66566666
Circle K #4703975,Lebanon,TN,36.1788,-86.2855,2.87233333
PETRO-CARD 24 #910530,Moberly,MO,39.4202,-92.4358,3.419
CIRCLE K #2707451,Lake Placid,FL,27.2938,-81.3639,3.399
SPEEDWAY #6604,Mattawan,MI,42.2451,-85.7943,3.489
EXXON - Pilot #1293,Garland,TX,32.908978,-96.639167,2.84233333
ALLSUPS #2476,Elk City,OK,35.4112,-99.4127,2.93066666
SUNSTOP #334,Macclenny,FL,30.2737,-82.1325,3.459
MISSILE MART #1,El Dorado,AR,33.20745,-92.6646,3.499
Kwik Trip #747,Baldwin,WI,44.9657,-92.3655,3.499
BP,Anderson,SC,34.481933,-82.70185,2.909
FLYING J TRAVEL PLAZA #605,Russellville,AR,35.3231,-93.097725,3.369
DUDLEYS TRUCK STOP RESTAURANT,Rocky Mount,VA,36.9891,-79.884,3.299
7-Eleven #37565,Miami,FL,25.768995,-80.25858,3.249
E-Z MART #4411,Pryor,OK,36.2923,-95.26785,3.099
HUTCH'S #114,Enid,OK,36.38264,-97.86832,2.999
QUIKTRIP #777,Atlanta,GA,33.817077,-84.380226,2.97233333
JET FOOD STORE #82,Douglas,GA,31.487067,-82.850833,3.44066666
EL CHEAPO,Midway,GA,31.8018,-81.3909,3.52566666
RaceWay #6999,Thomasville,GA,30.841325,-83.953875,3.16566666
PETES PLACE SOUTH,Bemidji,MN,47.5228,-94.8408,3.41566666
MAVERIK COUNTRY STORE #607,Post Falls,ID,47.71925,-116.94345,3.37566666
ENMARKET #820,Port Wentworth,GA,32.1491,-81.1632,3.09066666
FLYING J TRAVEL PLAZA #632,Resaca,GA,34.5833,-84.9068,3.29566666
RACETRAC #2606,Grand Prairie,TX,32.69472,-97.0175,2.92566666
PWI #574,Bunker Hill,KS,38.8758,-98.704,2.959
PILOT TRAVEL CENTER #415,Rising Fawn,GA,34.8139,-85.5019,3.819
Terrible Herbst dba/One9 #1395,Jean,NV,35.75785,-115.4322,3.459
KENNETT TRUCK STOP,Lawrenceburg,IN,39.1401,-84.8658,3.424
Circle K #4703906,Pleasant View,TN,36.3783,-87.0395,2.899
TA PEMBROKE TRAVEL CENTER,Corfu,NY,42.9777,-78.3929,3.829
QUIKTRIP #7220,Shreveport,LA,32.553066,-93.759937,2.89233333
FAS MART #5262,Winchester,KY,37.98865,-84.1793,2.90733333
EXXON,Conley,GA,33.6369,-84.3371,3.999
CONOCO,Gap,PA,40.002,-75.9978,3.799
KUM & GO #0032,Colfax,IA,41.6788,-93.2588,3.08233333
TIGER DISCOUNT TRUCKSTOP,Dickinson,ND,46.84245,-102.77305,3.51566666
SPEEDWAY #1012,Hope Hull,AL,32.2243,-86.3932,3.05233333
KWIK STOP #86,Dubuque,IA,42.49866,-90.68648,3.489
FREDS FUEL AND FOOD #2,Gilman,IL,40.768,-87.9933,3.049
HIGHWAY 20  AUTO TRUCK PLAZA,Peosta,IA,42.4435,-90.8094,3.489
STRIPES #40705,Combes,TX,26.2451,-97.7416,2.91233333
ROAD RANGER #144,Evansdale,IA,42.4755,-92.2812,3.729
EL CHEAPO #4,Richmond Hill,GA,31.8962,-81.294,3.09566666
HOODS SERVICE CENTER,Bois D Arc,MO,37.2214,-93.5447,3.074
GRADYS TRUCKSTOP,Pulaski,GA,32.3902,-81.9568,3.46566666
KUM & GO #0043,New Virginia,IA,41.1883,-93.6976,3.114
TAYLOR QUIK-PIK,Missouri Valley,IA,41.5644,-95.8913,3.399
RHODES CONVENIENCE STORES,Sikeston,MO,36.8911,-89.582,3.35066666
ONE9 #1422,Moriarty,NM,34.9889,-106.0609,3.11566666
KUM & GO #0779,Bethany,MO,40.2601,-94.0189,2.95566666
CASEYS #2653,Toledo,IA,42.0077,-92.5662,3.349
UNDERWOOD TRUCK STOP I 80,Underwood,IA,41.3603,-95.627,3.00066666
Minuteman Food Mart #58,Delco,NC,34.2838,-78.2607,3.50733333
TA Rogers,Rogers,MN,45.1715,-93.5814,3.274
CASEYS #2867,Waterloo,IA,42.4839,-92.33475,3.499
KUM & GO #1443,Williamsburg,IA,41.6393,-92.024,3.13066666
EXIT 62 TRUCKSTOP,Glencoe,KY,38.7229,-84.8116,3.16566666
QUIKTRIP #7901,Lindale,TX,32.5062,-95.4006,2.80733333
3 MILE CORNER TRUCK STOP,Bonners Ferry,ID,48.7306,-116.3322,3.734
WENATCHEE VALLEY TRUCK STOP,Wenatchee,WA,47.4244,-120.3188,4.089
BIG CHARLIES TRUCK PLAZA,Virginia Beach,VA,36.810535,-76.05356,3.489
PILOT TRAVEL CENTERS #406,Cornersville,TN,35.3409,-86.8286,3.799
FAST STOP TRAVEL CENTERS #1109,Plymouth,UT,41.8831,-112.1388,3.58233333
PILOT TRAVEL CENTERS #299,Bloomington,IL,40.48185,-88.946875,3.399
METROPOLIS TRUCK STOP,Metropolis,IL,37.1753,-88.7252,3.599
Circle K #4701432,Mahomet,IL,40.1964,-88.3928,3.669
BIG CHIEF TRUCK STOP,Fergus Falls,MN,46.2795,-96.084,3.23566666
OUTPOST TRAVEL CENTER,Greenwood,LA,32.4429,-93.973,2.899
TA WILDWOOD TRAVEL CENTER,Wildwood,FL,28.8454,-82.0347,3.214
TA LEE HI TRAVEL PLAZA,Lexington,VA,37.7885,-79.4581,3.659
Shell,Warrenton,VA,38.723567,-77.799367,3.25733333
BECKS EXPRESS MART #22,Lincoln,IL,40.1451,-89.3684,3.299
MARSHAL JUNCTION,Marshall,IL,39.422,-87.6923,3.199
CIRCLE K #4706703,Mokena,IL,41.5342,-87.8911,3.339
7-ELEVEN #35087,Bergen,NY,43.0869,-77.9603,4.029
QUICKLEES TRAVEL CENTER,Belmont,NY,42.2334,-78.011,3.999
PWI #401,Aledo,TX,32.7004,-97.6039,2.799
THE RIDGE,Accident,MD,39.6355,-79.3085,4.199
SMITHTON TRUCKSTOP,Smithton,PA,40.1553,-79.7381,3.899
MINIT MART #600244,Straughn,IN,39.8319,-85.2724,3.859
INTERSTATE CENEX,Beach,ND,46.9324,-103.9843,3.499
BROOKE TRAVEL PLAZA,West Liberty,IA,41.5701,-91.2668,2.98733333
TRACK AND TRAVEL,Weatherford,TX,32.77995,-97.772875,2.91733333
PILOT TRAVEL CENTERS #350,Mountain Home,ID,43.1392,-115.6963,3.759
Alta Convenience #6333,Trinidad,CO,37.2691,-104.5038,3.399
I-20 Truck Stop,Lincoln,AL,33.6059,-86.1112,2.999
STUCKEYS TRAVEL CENTER,Beaumont,TX,30.090154,-94.144269,2.824
SHELL,Motley,MN,46.2881,-94.5638,3.399
PILOT TRAVEL CENTER #910- TOWN PUMP,Three Forks,MT,45.8811,-111.5436,3.59733333
QUIKTRIP #333,Newton,KS,38.0451,-97.3435,2.949
KARTAR TRUCK STOP,Woodhull,IL,41.1849,-90.2833,3.599
LOVES TRAVEL STOP #765,Commerce,GA,34.195233,-83.435767,3.21066666
Kent Kwik #221,Odessa,TX,31.848278,-102.376622,2.989
JACKSON'S FOODS DBA ONE9 #1427,Nampa,ID,43.60268,-116.61212,3.37066666
LOVES TRAVEL STOP #384,Greenville,IL,38.8933,-89.4052,3.689
SUNOCO,Wauseon,OH,41.5668,-84.1537,3.699
CLOVERDALE TRAVEL PLAZA,Cloverdale,IN,39.5148,-86.7939,3.699
FRIENDSHIP FOOD MART #96,Sandusky,OH,41.4419,-82.70715,3.529
TA LAPLACE,La Place,LA,30.08445,-90.48635,3.22733333
GO TIME #7,Corbin,KY,36.9359,-84.1026,2.999
CIRCLE K #2704886,Clanton,AL,32.8792,-86.59375,3.20733333
VILLAGE TRUCK STOP,Rural Retreat,VA,36.8836,-81.2879,3.299
KWIK TRIP #331,Wisconsin Rapids,WI,44.38195,-89.8645,3.26233333
115 TRUCKSTOP #5001,Marshall,MI,42.272,-84.9583,3.429
KWIK TRIP #603,Wilson,WI,44.9466,-92.1965,3.549
Circle K #2746108,Billings,MT,45.796836,-108.515986,3.579
TRAILWAY TRUCK STOP,Centreville,MD,39.0564,-76.045,3.259
ENRITE,Linden,NJ,40.6354,-74.2556,3.34233333
I 55 MOTOR PLAZA,Pevely,MO,38.2799,-90.4111,2.99066666
TA Mt Vernon,Mount Vernon,MO,37.1045,-93.7976,3.404
TREX MART #16,Winston,MO,39.8499,-94.1487,3.119
SHELL FOOD MART,Cameron,MO,39.7309,-94.2437,2.99066666
CLARK OIL #44,Laurel,MS,31.7073,-89.0808,2.879
FASTLANE TAYLOR 63,Taylor,MO,39.9145,-91.5278,3.01566666
K AN T TRUCKSTOP,Fairmont,WV,39.5042,-80.2199,3.399
CIRCLE K #4702361,Whitestown,IN,40.0,-86.3507,3.29233333
Travel Centers of America,Cuba,MO,38.0926,-91.4081,3.26566666
FUEL MART #727,Quaker City,OH,39.9866,-81.2899,3.16566666
Blue Sky #733,Belden,MS,34.3057,-88.8462,2.939
KEYSTOP TRAVEL CENTER,Franklin,KY,36.72385,-86.5736,2.899
SPEEDWAY #7575,Hobart,IN,41.5263,-87.2525,3.63233333
CIRCLE K #2720931,Kenly,NC,35.6077,-78.1382,3.149
NORTH POINT PLAZA,Poynette,WI,43.4013,-89.4189,3.17233333
Chevron #306185,Montpelier,ID,42.352,-111.3195,3.699
OASIS TRAVEL CENTER,Robertsdale,AL,30.5616,-87.6373,3.469
JJ TRAVEL PLAZA,Oakley,KS,39.1121,-100.858,3.61566666
ONE9 #496,Atalissa,IA,41.5614,-91.1748,3.01566666
GOLDMINE TRUCKSTOP,Eunice,LA,30.5116,-92.3985,3.199
SINCLAIR,Monett,MO,36.9212,-93.9258,3.29066666
FLYING J #875,Elkton,MD,39.6166,-75.83955,4.199
LOVES TRAVEL STOP #060,Norton,KS,39.8407,-99.8878,3.109
EDGERTON TRAVEL PLAZA,Edgerton,WI,42.8386,-89.0642,3.199
Taylor's Stateline Travel Center,Neelyville,MO,36.571,-90.4995,2.999
TA CANDLER TRAVEL CENTER,Candler,NC,35.5376,-82.7001,3.799
7-ELEVEN #35788,Olathe,KS,38.8899,-94.8149,3.339
HAMMOND TRAVEL CENTER,Hammond,LA,30.5072,-90.475225,3.099
CASEYS #3548,Pratt,KS,37.6502,-98.73,3.14066666
NEW JERSEY TRUCK STOP DIESEL ONLY,Kearny,NJ,40.74875,-74.1113,3.759
HALF SUN TRAVEL PLAZA,Moses Lake,WA,47.1374,-119.2891,3.569
ONE9 #258,Troutville,VA,37.4019,-79.8786,3.03233333
SPEEDWAY #7391,North Lima,OH,40.9649,-80.6549,3.699
PILOT TRAVEL CENTER #312,Tallapoosa,GA,33.7602,-85.3,3.389
KWIK TRIP #385,Northfield,MN,44.4587,-93.1668,3.499
HY-MILER #2245,Fremont,OH,41.3498,-83.1181,3.38233333
SAPP BROS TRAVEL CENTER,Le Mars,IA,42.7962,-96.1704,3.269
JET FOOD STORE #17,Wrens,GA,33.2104,-82.381,3.41566666
SPEEDWAY #6767,Manheim,PA,40.1702,-76.4168,4.499
ONE9 #294,Ogden,UT,41.239508,-111.965408,3.32566666
PWI #605,San Simon,AZ,32.0423,-109.1748,2.959
CIRCLE K #2723716,Max Meadows,VA,36.9056,-80.9244,3.46233333
CASEYS #4535,Concordia,KS,39.5516,-97.6568,2.91233333
WK TRUCK STOP,Beaver Dam,KY,37.387,-86.8729,3.399
MEADE AUTO AND TRUCK PLAZA,Meade,KS,37.2821,-100.3364,3.799
PARKWAY MARATHON,Caneyville,KY,37.4222,-86.4702,3.73233333
Maverik #732,Idaho Falls,ID,43.484743,-112.004357,3.394
PETRO STOPPING CENTER #330,Glendale,KY,37.6034,-85.8921,3.599
One9 #88,Cocoa,FL,28.3898,-80.7693,3.37566666
CHEVRON #383766,Halsey,OR,44.3862,-123.1251,3.099
CIRCLE K #2707682,Punta Gorda,FL,26.935667,-82.001433,3.399
49ER FUEL CENTER,East Bernstadt,KY,37.2488,-84.138,2.999
BFS FOODS #68,Hancock,MD,39.6991,-78.1762,4.129
ONE9 #301,Marston,MO,36.519,-89.6126,3.109
FLYING J TRAVEL PLAZA #621,Limon,CO,39.2676,-103.6889,3.874
CIRCLE K #2701537,Mount Airy,NC,36.5007,-80.6119,2.859
HUCKS FOOD & FUEL #371,Mount Vernon,IL,38.317,-88.9105,3.099
Southfork TRUCK STOP,Gurdon,AR,33.9125,-93.1417,3.459
FAST LANE #54,Columbia,MO,38.96103,-92.33172,3.20733333
TA EXPRESS NORWOOD #0450,Norwood,MO,37.0687,-92.4082,3.449
T BONE TRUCK STOP,Columbus,NE,41.4297,-97.3684,3.099
SPINX #266,Columbia,SC,34.016062,-81.007685,3.13233333
CM LAKE CHARLES FUEL STOP 36,Lake Charles,LA,30.244355,-93.261636,3.299
EXXON,Paducah,KY,37.0619,-88.656367,3.15733333
TA NORTH CANTON TRAVEL CENTER,North Canton,OH,40.7989,-81.3784,3.624
Mandan Cardlock (Bulk Plant),Mandan,ND,46.8306,-100.9092,3.599
RICE MART,Rice,TX,32.2258,-96.4606,3.019
MANSFIELD TRAVEL PLAZA,Mansfield,LA,32.0239,-93.698,3.019
MAVERIK #719,Yakima,WA,46.593129,-120.609343,3.899
MCCLURE OIL #52,Lebanon,IN,40.0449,-86.4641,3.584
Fast Stop,Sorrento,LA,30.1854,-90.8631,3.699
SPEEDWAY #9329,Waddy,KY,38.1054,-85.1288,3.149
STRIPES #40811,George West,TX,28.3204,-98.1162,3.01566666
Pride Convenience Store,Chicopee,MA,42.17198,-72.5896,3.509
SAMS MART #45,Waynesville,NC,35.5174,-82.9816,3.599
KWIK TRIP #497,Dakota,MN,43.9148,-91.394,3.474
LOVES TRAVEL STOP #781,Madison,GA,33.5947,-83.4618,3.849
BEACON & BRIDGE #18,Big Rapids,MI,43.6897,-85.4797,3.319
TOOT N TOTUM #104,Dalhart,TX,36.0732,-102.5177,3.199
QUARLES #4435,Jessup,MD,39.1484,-76.7922,3.499
KWIK TRIP #674,Menomonie,WI,44.8718,-91.9265,3.499
SCOTTS QUICK STOP,Marlette,MI,43.3399,-83.0573,3.399
TA LAKE PARK TRAVEL CENTER,Lake Park,GA,30.6906,-83.1753,3.31566666
ROAD TRIP OASIS PERRY,Perry,MI,42.82,-84.2313,3.699
SPEEDY Q MARKET #8206,Port Huron,MI,42.98335,-82.4424,3.899
Kwik Trip # 1281,Belgium,WI,43.4995,-87.8509,3.25566666
DUNES AUTO TRUCK PLAZA,Sawyer,MI,41.8829,-86.5885,3.499
PJ TRAVEL PLAZA,Loganton,PA,41.0283,-77.3204,3.479
BILLS TRUCKSTOP,Linwood,NC,35.7562,-80.3749,3.449
STAPLES OIL,Alden,MN,43.6466,-93.5823,3.299
QUIKTRIP #7135,Hardeeville,SC,32.2635,-81.0669,2.999
THORNTONS #336,Monee,IL,41.4191,-87.7748,3.349
KWIK TRIP #793,Faribault,MN,44.2945,-93.2818,3.424
SOUTHERN VALLEY COOP,Mankato,MN,44.1767,-94.033133,3.499
ROTHSAY TRUCK STOP,Rothsay,MN,46.5094,-96.2887,3.209
Circle K #2746447,Sauk Centre,MN,45.7281,-94.9682,3.189
SPEEDWAY #4035,Shakopee,MN,44.7793,-93.5197,3.599
SINCLAIR,Saint Charles,MN,43.9585,-92.0517,3.529
HARRISONBURG TRAVEL CENTER,Harrisonburg,VA,38.457475,-78.8581,2.899
WESTHAMPTON VALERO,Mount Holly,NJ,40.0086,-74.7896,3.329
EXPRESS MART TRUCK STOP,Barnhart,MO,38.3384,-90.4142,2.99733333
LAKE MILLS TRAVEL PLAZA,Lake Mills,WI,43.0816,-88.9133,3.36066666
FLYING J FRANCHISE #931,Rapid City,SD,44.0673,-103.264375,3.15733333
Quiktrip #7900,Texarkana,TX,33.435983,-94.078233,2.85733333
ROAD RANGER #157,Okawville,IL,38.4319,-89.523,3.799
OZONA ONE STOP,Ozona,TX,30.7164,-101.2388,2.98233333
TRUCK TOWNE,Beresford,SD,43.0874,-96.7813,3.159
WACO TRAVEL CENTER,Perry,FL,30.06665,-83.6377,3.699
TA LAFAYETTE TRAVEL CENTER,Lafayette,LA,30.208725,-92.035875,3.134
STAR EXPRESS #5,Petersburg,VA,37.199667,-77.419867,3.049
360 TRUCK STOP,Amelia Court House,VA,37.3428,-77.9841,3.599
PILOT TRAVEL CENTER #492,Arkadelphia,AR,34.119033,-93.058867,3.499
ALLSUPS #2392,Roswell,NM,33.438433,-104.445,3.199
CASEYS #2652,Chillicothe,MO,39.7966,-93.5509,3.289
Llanos Country Corner,Junction,TX,30.4754,-99.7473,2.919
EMERY'S,Deerfield,MO,37.8197,-94.5608,3.349
CRYSTAL OIL,South Sioux City,NE,42.4656,-96.4182,3.549
COCKERHAM FUEL CENTER #4,Hillsville,VA,36.7442,-80.7197,3.28233333
FAST LANE #26,Eolia,MO,39.2431,-91.0093,3.099
MOTOR INN AUTO TRUCK STOP,Mendon,OH,40.6777,-84.5152,3.199
ABELS QUIK SHOP #20,Hannibal,MO,39.7064,-91.3839,3.06566666
Palmetto Truck Plaza,Hialeah,FL,25.87553,-80.3042,3.399
BP,Holt,MO,39.4289,-94.3689,3.049
BREAK TIME #3173,Fulton,MO,38.8518,-91.9605,3.299
ONE9 #901,Elm Creek,NE,40.7301,-99.3728,2.96566666
Waverly Travel Center,Waverly,OH,39.1264,-83.0049,3.41566666
TA HUNTINGTON,Huntington,OR,44.3811,-117.3097,3.639
HAWGS EXXON,Batesville,AR,35.7586,-91.58475,3.359
TA MOBILE TRAVEL CENTER,Grand Bay,AL,30.4983,-88.3282,3.13566666
PILOT TRAVEL CENTER #268,Walcott,IA,41.6453,-90.7256,3.859
TEMP STOP #117,Grain Valley,MO,39.0274,-94.2087,2.959
PETRO-CARD 24 #910561,Nevada,MO,37.8409,-94.3571,3.349
SPEEDWAY #2319,Portland,MI,42.8624,-84.9139,3.549
TA ANN ARBOR TRAVEL CENTER,Dexter,MI,42.3583,-83.9,3.499
ONVO TRAVEL PLAZA - MIFFLINTOWN,Mifflintown,PA,40.5727,-77.3761,3.479
SUNOCO,Breaux Bridge,LA,30.2948,-91.8296,2.85566666
Exxon,Heflin,AL,33.6115,-85.5885,3.01566666
SIGNAL FOOD STORE #112,Ozark,MO,37.0169,-93.2022,2.999
CARTERS ONE STOP,Stony Creek,VA,36.9361,-77.4443,2.959
KWIK FILL #388,Harrisville,PA,41.1631,-79.9796,3.404
KWIK TRIP #683,Portage,WI,43.5501,-89.4714,3.249
PIONEER Travel Plaza,Richfield,WI,43.2739,-88.2155,3.21566666
FUEL HUB,West Coxsackie,NY,42.4029,-73.8283,3.599
NKS ROYAL TRUCKSTOP,Gallup,NM,35.494833,-108.7515,3.119
SCHATZ CROSSROADS,Minot,ND,48.259375,-101.3029,3.549
DK,El Paso,TX,31.722307,-106.343082,2.699
QUIKTRIP #236,Platte City,MO,39.3602,-94.789,2.999
RaceTrac #2626,Dallas,TX,32.788556,-96.787156,2.864
FUEL MART #764,South Vienna,OH,39.9473,-83.6157,3.129
OASIS TRUCK STOP,Richland,MO,37.8528,-92.3962,3.324
MR FUEL #715,Foristell,MO,38.7626,-90.9343,2.92566666
CASEYS #2855,Cabool,MO,37.1314,-92.1144,3.259
LOVES TRAVEL STOP #609,Denton,TX,33.20539,-97.11964,3.24733333
TA SEATTLE EAST TRAVEL CENTER,North Bend,WA,47.4755,-121.7571,3.859
FUEL KING NAPOLEON TRAVEL CENTER,Napoleon,OH,41.391,-84.1433,3.439
PETRO-CARD 24,Maryville,MO,40.3434,-94.8735,3.129
HWY 34 TRUCKSTOP,West Burlington,IA,40.8321,-91.1799,3.374
SHELL,Fredericksburg,VA,38.304144,-77.504222,3.25566666
QUIKTRIP #608,Saint Peters,MO,38.7802,-90.6228,2.904
Pilot Travel Centers #354,Simpsonville,KY,38.2312,-85.3548,3.759
JJS TRUCK STOP,Malvern,AR,34.3557,-92.8292,3.31566666
CIRCLE K #2707515,Sebring,FL,27.46896,-81.42816,3.389
PAULS VALLEY TRAVEL CENTER,Pauls Valley,OK,34.7385,-97.2195,2.999
KANZA TRAVEL PLAZA,Braman,OK,36.9331,-97.3082,3.02733333
STRIPES #42150,Edinburg,TX,26.373775,-98.17505,3.00566666
231 PLAZA AND TRUCK STOP,Youngstown,FL,30.3269,-85.5169,3.494
SPEEDWAY #4710,Windom,MN,43.8831,-95.1373,3.299
PWI #640,Ehrenberg,AZ,33.6177,-114.5077,3.359
CIRCLE K #2721536,Batesville,MS,34.3115,-89.9443,3.24066666
RACETRAC #574,Rockwall,TX,32.9176,-96.42565,2.924
ROAD RANGER #235,Hampshire,IL,42.0807,-88.517,3.369
GOLDEN GATE BATTLE MOUNTAIN,Battle Mountain,NV,40.622,-116.9554,3.339
CAREFREE FOOD MART,Leavenworth,IN,38.1865,-86.3838,3.499
QUIKTRIP #7242,Gulfport,MS,30.414383,-89.071117,2.91566666
KWIK STAR #509,Fort Dodge,IA,42.5088,-94.1807,3.20233333
LONDON AUTO TRUCK CENTER,London,KY,37.132167,-84.0949,3.399
ARCO #471770,Dunseith,ND,48.8561,-100.0241,3.499
HUTCH'S #120,Sayre,OK,35.3047,-99.6429,2.984
FLYING J #934,La Grande,OR,45.3304,-118.0852,3.53566666
Quiktrip #7250,Richland,MS,32.2287,-90.1591,2.91566666
CIRCLE K #2706983,Mathis,TX,28.0802,-97.8097,3.019
SQUAW CREEK TRAVEL PLAZA,Forest City,MO,39.9897,-95.1916,3.339
HARDYS #5,Wendover,UT,40.7372,-114.0375,3.499
TOWN PUMP FOOD STORE #310,Boulder,MT,46.2306,-112.1138,3.559
TULIP CITY TRUCK STOP,Holland,MI,42.790067,-86.122633,3.739
ZIP TRIP #50,Park City,MT,45.6329,-108.9293,3.584
MAVERIK #738,Gillette,WY,44.171633,-105.514167,3.359
PILOT #1323,Faucett,MO,39.5891,-94.7913,3.27233333
QUIKTRIP #1883,Gainesville,TX,33.63255,-97.0976,2.97566666
MAVERIK COUNTRY STORE #441,Pasco,WA,46.2421,-119.09935,4.279
TOWN PUMP FOOD STORE #610,Livingston,MT,45.6546,-110.5609,3.644
AC & T GARLAND GROH,Hagerstown,MD,39.62975,-77.718317,3.559
PILOT TRAVEL CENTER #909- TOWN PUMP,Shelby,MT,48.5037,-111.8391,3.63566666
TOWN PUMP FOOD STORE #4300,Whitehall,MT,45.8771,-112.1245,3.659
LITTLE AMERICA TRAVEL CENTER,Flagstaff,AZ,35.1934,-111.644817,3.539
TRANSIT TRUCK STOP,Millersville,MD,39.1041,-76.619,3.46566666
FLYING J TRAVEL PLAZA #682,Haw River,NC,36.0915,-79.3642,3.94233333
BAKER TRUCK CORRAL,Baker City,OR,44.7749,-117.8344,3.42566666
PETRO STOPPING CENTER JOHNSTOWN,Johnstown,CO,40.3355,-104.9236,3.42733333
Racetrac #2586,Vero Beach,FL,27.64493,-80.43206,3.159
FAMILY EXPRESS #35 (DISCOUNT AVAILABLE),Rensselaer,IN,40.9948,-87.1037,3.13233333
GURNEE TRUCK STOP,Gurnee,IL,42.3669,-87.9452,3.289
TA FRANKLIN TRAVEL CENTER,Franklin,TN,35.92484,-86.86628,3.839
TA of Mocksville,Mocksville,NC,35.922,-80.537,3.699
GET N GO #22,Sioux Falls,SD,43.589987,-96.750673,2.939
PUMP & PANTRY #48,Fremont,NE,41.43745,-96.4963,3.319
Pilot Travel Center #1550,Cullman,AL,34.162125,-86.842525,3.859
FL Roberts,Whately,MA,42.4427,-72.6525,3.559
TA EXPRESS GRAND FORKS #948,Grand Forks,ND,47.920933,-97.047333,3.539
TOMAHAWK TRUCK STOP,Fountain,CO,38.6996,-104.7005,3.299
EAGLEVILLE TRAVEL CENTER,Eagleville,MO,40.4912,-93.9951,2.93566666
Speedway #4800,Clearwater,MN,45.3877,-94.0452,3.199
TIGER TRUCK STOP,Grosse Tete,LA,30.3879,-91.4383,3.059
BETTY BEAVERS TRUCKSTOP,Lewis,NY,44.3075,-73.5491,3.619
CIRCLE C TRAVEL PLAZA,Walterboro,SC,32.9052,-80.6668,3.079
Onvo Travel Plaza,Kutztown,PA,40.5214,-75.7774,3.32733333
Shell,Ashland,VA,37.7395,-77.4784,3.264
PUMP & PANTRY #24,Hastings,NE,40.58865,-98.39415,3.399
DEMING TRUCK STOP,Deming,NM,32.2358,-107.7435,2.899
FLYNNS TRUCK PLAZA,Shrewsbury,MA,42.3248,-71.8087,3.61566666
FATDOGS LEXINGTON,Lexington,NE,40.785,-99.7515,2.979
CUBBYS #111,Norfolk,NE,42.0306,-97.41995,3.209
TA WHEELING TRAVEL CENTER,Valley Grove,WV,40.0946,-80.5551,3.529
ONVO TRAVEL PLAZA - DUNCANNON,Duncannon,PA,40.4087,-77.0473,3.55233333
GO MART FOOD STORE #31,Charleston,WV,38.342342,-81.61396,3.499
PWI #535,Palisade,CO,39.1032,-108.368,3.379
Speedee Mart #2890,Valentine,NE,42.8062,-100.6215,3.329
PRIME STOP,Wisner,NE,41.998,-96.917,3.259
FLITE LINE SUNOCO,Portsmouth,NH,43.072075,-70.77325,3.69566666
TORCH 85 TRUCK PLAZA,Tuskegee,AL,32.4316,-85.6861,3.27233333
CROSSROADS TRUCK STOP,Umatilla,OR,45.8998,-119.3553,3.239
ARROWHEAD TRAVEL PLAZA,Pendleton,OR,45.6605,-118.7831,3.259
FLYING J TRAVEL PLAZA #761,Evanston,WY,41.2614,-110.94155,3.699
LITTLE AMERICA TRAVEL CENTER,Little America,WY,41.5436,-109.859,3.52566666
Atlantis Fresh Market #553,Montague,NJ,41.3023,-74.754,3.509
R STORE #4513,Fond Du Lac,WI,43.7714,-88.493233,3.299
HOLIDAY STATIONSTORE #2746471,Hudson,WI,44.9842,-92.7271,3.539
MOASIS TRUCK CENTER,Little Chute,WI,44.2842,-88.312,3.199
Kwik Trip #1197,Belmont,WI,42.7308,-90.3359,3.564
TA HURRICANE TRAVEL CENTER,Hurricane,WV,38.4257,-81.9943,3.63233333
LOVES TRAVEL STOP #448,Tacoma,WA,47.226089,-122.453629,4.589
LOVES TRAVEL STOP #413,Ellensburg,WA,46.9996,-120.5163,3.829
FLYING J #1169,Tumwater,WA,46.9616,-123.0283,4.599
SIMMONS TRAVEL CENTER,Bracey,VA,36.5763,-78.1059,3.099
FRANKS TRUCKING CENTER,Chesapeake,VA,36.750756,-76.282967,3.449
KUM & GO #0201,Coralville,IA,41.6937,-91.5906,3.294
ERNIES TRUCK PLAZA,Beaver,UT,38.2807,-112.6299,3.399
FLYING J TRAVEL PLAZA #742,Tooele,UT,40.5454,-112.3002,3.759
PWI #978,Salt Lake City,UT,40.709875,-111.888812,3.359
BUBBLE CITY TRUCK STOP,Farmington,NM,36.7614,-108.132233,3.70566666
CEFCO #2086,Snyder,TX,32.7315,-100.91755,2.96566666
ALLSUPS CONVENIENCE STORE #2173,Sweetwater,TX,32.4726,-100.3979,2.84566666
YESWAY #1156,Lubbock,TX,33.574273,-101.871115,2.95066666
QUARLES #54341,Big Spring,TX,32.276,-101.4159,3.649
REFUEL #328,San Marcos,TX,29.9649,-97.972,2.999
THORNTONS #607,Antioch,TN,36.0598,-86.6657,2.899
TA DENMARK TRAVEL CENTER,Denmark,TN,35.5571,-88.9759,3.539
Chevron,Ardmore,TN,35.0574,-86.8796,3.599
HOLIDAY STATIONSTORE #2653855,Aberdeen,SD,45.52785,-98.4188,3.10733333
PILOT #599,Murdo,SD,43.8961,-100.7121,3.799
TA MANNING TRAVEL CENTER,Manning,SC,33.6184,-80.2116,3.51733333
PILOT DEALER #1163,Emlenton,PA,41.2028,-79.747,4.03566666
TA MILESBURG TRAVEL CENTER,Milesburg,PA,40.9417,-77.785,4.049
SHEETZ #769,Bloomsburg,PA,41.0115,-76.4384,3.329
SAPP BROS TRAVEL CENTER,Clearfield,PA,41.021,-78.4435,3.899
FLYING J #518,Myerstown,PA,40.3789,-76.3143,3.869
LOVES TRAVEL STOP #829,Brookville,PA,41.1627,-79.0816,4.019
Carlisle Fuel Stop,Carlisle,PA,40.20945,-77.21475,3.359
TA LAMAR TRAVEL CENTER,Lamar,PA,41.0162,-77.5311,4.03566666
JUBITZ TRAVEL PLAZA,Portland,OR,45.519357,-122.664367,3.859
SHEETZ #770,London,OH,39.9001,-83.4439,2.999
SHEETZ #639,Youngstown,OH,41.077573,-80.680313,3.059
TRUCK WORLD TRUCKSTOP,Hubbard,OH,41.1624,-80.5762,3.259
SPEEDWAY #9954,Apalachin,NY,42.0556,-76.1519,3.999
TA DAYTON TRAVEL CENTER,Eaton,OH,39.7426,-84.6508,3.40066666
JIMS TRUCK PLAZA,Buffalo,NY,42.869418,-78.845336,3.659
TA KINGSVILLE TRAVEL CENTER,Kingsville,OH,41.8723,-80.6601,3.88233333
SHEETZ #759,Jeffersonville,OH,39.659,-83.5687,3.06566666
Tower Travel Center,Tower City,ND,46.9119,-97.6594,3.51566666
SALUDA TRUCK PLAZA,Saluda,NC,35.2383,-82.3306,3.099
7-ELEVEN #35115,Phelps,NY,42.9582,-77.0473,4.019
Sheetz #838,Salisbury,NC,35.65865,-80.482425,2.859
ONVO TRAVEL PLAZA,Canaan,NY,42.4132,-73.4159,3.399
ONVO TRAVEL PLAZA - LOUNSBERRY,Nichols,NY,42.0301,-76.354,3.399
PETROL 9 W,Glenmont,NY,42.5971,-73.7959,3.699
AKAL TRAVEL CENTER,Santa Rosa,NM,34.8526,-104.5899,2.879
PILOT #1118,Clovis,NM,34.4087,-103.2133,4.079
PWI #675,Vado,NM,32.1187,-106.649,2.949
TA BLOOMSBURY TRAVEL CENTER,Bloomsbury,NJ,40.6437,-75.0966,3.79066666
TA PAULSBORO TRAVELCENTER,Paulsboro,NJ,39.8312,-75.2242,3.999
PETRO PLAZA,Hampton,NJ,40.6774,-74.9622,3.26566666
MAVERIK COUNTRY STORE #628,Las Vegas,NV,36.160013,-115.187527,3.35566666
BIG SPRINGS TRUCK AND TRAVEL,Big Springs,NE,41.0696,-102.0933,3.074
TA GRAND ISLAND WEST TRAVEL CENTER,Alda,NE,40.8711,-98.4681,3.169
Fast Stop Travel Centers #1151,Hershey,NE,41.2102,-101.0392,3.499
QUIKTRIP #598,Omaha,NE,41.25625,-96.00621,2.92733333
ALLTOWN FRESH,Fort Edward,NY,43.2653,-73.5822,3.759
MURALTS TRUCK PLAZA,Missoula,MT,46.882263,-114.0291,3.609
SENECA ONE STOP,Salamanca,NY,42.1604,-78.7304,3.309
TA LAUREL,Laurel,MT,45.6745,-108.769,3.61233333
One9 #1318,Strafford,MO,37.2797,-93.1066,2.98566666
QUIKTRIP #150,Oak Grove,MO,38.9985,-94.1399,2.959
SPEEDWAY #1520,Matthews,MO,36.7154,-89.6287,3.189
Petro Mart #45,Kingdom City,MO,38.9551,-91.952,2.939
KUM & GO #1455,Lebanon,MO,37.685,-92.655,3.09233333
AAA HOSPITALITY,Tillatoba,MS,33.9852,-89.8945,2.784
208 FUEL PLAZA,Belmont,OH,40.032,-81.0066,3.419
PS Food Mart,Tekonsha,MI,42.0863,-84.9926,3.519
SPEEDWAY #9266,Ironton,OH,38.5294,-82.6654,3.699
FLYING J #895,Trenton,MI,42.1382,-83.2179,3.249
PILOT TRAVEL CENTERS #17,Battle Creek,MI,42.293533,-85.1247,3.959
INTERSTATE TRAVEL PLAZA,Wrentham,MA,42.0617,-71.3396,3.699
BEST QUICK STOP,Peabody,MA,42.584,-70.92015,3.61566666
DYSARTS SERVICE,Bangor,ME,44.8127,-68.7848,3.799
CIRCLE K #4707065,Kittery,ME,43.0921,-70.7429,3.899
TA SLIDELL TRAVEL CENTER,Slidell,LA,30.30866,-89.79512,3.154
LOVES TRAVEL STOP #663,Port Barre,LA,30.5478,-91.9286,3.124
MR FUEL #732,Girard,OH,41.1611,-80.6933,3.239
SPEEDWAY #7179,Smiths Grove,KY,37.0581,-86.1938,3.06566666
One9 #392,Sonora,KY,37.5221,-85.923,3.19566666
TA FLORENCE TRAVEL CENTER,Florence,KY,38.97825,-84.6949,3.07066666
WAKEENEY 24 7 STORE #3,Wakeeney,KS,39.025,-99.8796,3.09066666
GO MART FOOD STORE #58,Marietta,OH,39.4281,-81.4644,3.799
7-ELEVEN #36180,Monroeville,OH,41.2181,-82.7023,3.614
KWIK STAR #932,Altoona,IA,41.6475,-93.4724,2.959
FUEL MART #714,North Baltimore,OH,41.1867,-83.6806,3.11233333
PILOT TRAVEL CENTER #594,Sioux City,IA,42.482356,-96.388878,3.60566666
CIRCLE K #4705706,Willard,OH,41.05795,-82.72755,3.599
PILOT TRAVEL CENTER #373,Urbandale,IA,41.628533,-93.735633,3.34233333
PETRO STOPPING CENTER #374,Gaston,IN,40.2948,-85.4898,3.53566666
SKY CITGO,Grovertown,IN,41.3496,-86.5243,3.499
JJS TRAVEL PLAZA,Peru,IN,40.7492,-86.068,3.444
MIDLAND #1901,Cambridge City,IN,39.8182,-85.1685,3.43233333
TA CLAYTON,Clayton,IN,39.6682,-86.4959,3.939
TREE CITY TRAVEL PLAZA,Greensburg,IN,39.2998,-85.4918,3.989
LOVES TRAVEL STOP #859,Morris,IL,41.3672,-88.4178,3.789
HUCKS FOOD & FUEL #379,Marion,IL,37.7257,-88.9294,2.929
PILOT TRAVEL CENTER #313,East Saint Louis,IL,38.606043,-90.125271,3.379
ROAD RANGER #185,Mc Lean,IL,40.3282,-89.1645,3.349
Mobil dba One9 #1365,Cusseta,AL,32.7831,-85.2756,2.999
RACETRAC #2574,Forest Park,GA,33.5561,-84.3629,3.109
QUIKTRIP #757,Adairsville,GA,34.3595,-84.9176,2.88733333
CIRCLE  K #2654290,Lagrange,GA,33.031633,-85.026867,3.899
EXPRESS STOP FOOD STORE #4644,Pinconning,MI,43.8491,-84.0082,3.639
GIANT #198,Tampa,FL,27.942862,-82.462038,3.25733333
TA NEW HAVEN TRAVEL CENTER,Branford,CT,41.28,-72.8106,5.069
CITGO,Milford,CT,41.22565,-73.0648,3.399
SHELL DBA PILOT DEALER #882,North Stonington,CT,41.4531,-71.8727,4.299
PWI #525,Watkins,CO,39.7623,-104.5834,3.139
TA DENVER WEST TRAVEL CENTER,Wheat Ridge,CO,39.77005,-105.0867,3.41566666
BRUSH TRAVEL PLAZA,Brush,CO,40.2603,-103.6279,3.699
ASAP General Store #314,Chickasha,OK,35.0397,-97.9441,3.13233333
HOPI TRAVEL PLAZA CONOCO DBA ONE9 #1270,Holbrook,AZ,34.9085,-110.1434,3.139
QUIKTRIP #1499,Tucson,AZ,32.225478,-110.944676,3.06233333
COPAN TRUCK STOP,Copan,OK,36.9062,-95.913,3.119
TA WILLCOX TRAVEL CENTER,Willcox,AZ,32.31295,-109.84755,3.28233333
Allsups#2465,Davis,OK,34.50065,-97.11075,2.96733333
QUIKTRIP #7174,Montgomery,AL,32.302591,-86.244524,2.999
PILOT TRAVEL CENTER #76,Tuscaloosa,AL,33.238678,-87.520478,2.999
LOVES TRAVEL STOP #253,Erick,OK,35.2286,-99.8635,3.20566666
RACETRAC #2323,Fort Myers,FL,26.56186,-81.852747,3.299
MR FUEL #717,Villa Ridge,MO,38.4601,-90.8822,3.01566666
FLYING J TRAVEL PLAZA #674,Warrenton,MO,38.805,-91.174,3.11566666
PILOT CENTER #1014- TOWN PUMP,Glendive,MT,47.1008,-104.7287,3.419
PETRO STOPPING CENTER #362,York,NE,40.8667,-97.5825,3.299
FUEL MART #767,Bradner,OH,41.3298,-83.4456,3.40733333
BELL STORES #48,Dalton,OH,40.7793,-81.7008,3.38566666
PILOT TRAVEL CENTER #888,Tulia,TX,34.5583,-101.8039,3.34066666
MUSKOGEE TRAVEL PLAZA,Muskogee,OK,35.737033,-95.384,3.01566666
WOODBINE TRAVEL CENTER,Woodbine,GA,30.9437,-81.6783,3.03233333
Racetrac #2611,Shepherdsville,KY,37.9965,-85.70235,2.959
PILOT #581,Inver Grove Heights,MN,44.82855,-93.06655,3.579
STRIPES 7FLEET #42454,Texico,NM,34.3958,-103.0615,3.829
One9 #387,Carlin,NV,40.7172,-116.1082,3.439
PETRO STOPPING CENTER #357,New Paris,OH,39.8617,-84.7793,3.48733333
KWIK TRIP #1151,Beloit,WI,42.53515,-89.0589,3.374
SHELL,Seminole,OK,35.2383,-96.66945,2.859
CIRCLE K #107,Ridgeway,VA,36.5874,-79.8686,3.399
MAVERIK COUNTRY STORE #694,Nephi,UT,39.6923,-111.8359,3.40566666
The Texan,Pecos,TX,31.4467,-103.5791,2.999
LOVES TRAVEL STOP #168,Walters,OK,34.3605,-98.314,3.194
LOVES TRAVEL STOP #255,Webbers Falls,OK,35.5138,-95.1659,3.789
PILOT TRAVEL CENTERS #912,Wood River,NE,40.8106,-98.6065,3.28233333
7-ELEVEN #40280,Allentown,PA,40.6015,-75.5101,3.589
CIRCLE K #4707005,Farmington,ME,44.6653,-70.1329,3.899
309 TRUCK STOP,Coopersburg,PA,40.5076,-75.3888,3.759
7-ELEVEN #40286,Elverson,PA,40.1568,-75.7866,3.889
ONVO TRAVEL PLAZA - LAKEWOOD,Greentown,PA,41.3321,-75.2819,3.54566666
ONVO TRAVEL PLAZA - HARFORD,Harford,PA,41.7761,-75.6935,3.589
LANCASTER TRAVEL PLAZA,Ronks,PA,40.0235,-76.16735,3.899
BFS FOODS TRUCK PLAZA,Mount Morris,PA,39.774,-80.0246,4.499
FLYING J TRAVEL PLAZA #713,Latta,SC,34.3398,-79.4417,3.349
SCOTT FUEL TRAVEL PLAZA,Dalton,PA,41.5395,-75.7037,3.599
7-ELEVEN #40287,Wayne,PA,40.0208,-75.395325,3.889
QUIKTRIP #1176,West Columbia,SC,33.94425,-81.14215,3.309
CASEYS #3919,Lebo,KS,38.4161,-95.8222,3.089
PILOT TRAVEL CENTERS #445,Chesterton,IN,41.6143,-87.047,3.799
TA EXPRESS COWPENS #477,Cowpens,SC,35.039,-81.822,3.399
PILOT TRAVEL CENTER #4559,Villa Rica,GA,33.7173,-84.9297,3.389
CIRCLE K #2705350,North Augusta,SC,33.543233,-81.959767,3.159
SCOTCHMAN #3891,Richburg,SC,34.6822,-80.9891,3.109
GO MART FOOD STORE #43,Teays,WV,38.4754,-81.8805,3.499
Mauston Interstate BP,Mauston,WI,43.7934,-90.0641,3.22733333
LYNDON STATION BP,Lyndon Station,WI,43.6899,-89.8915,3.177
BIG D OIL #2,Belle Fourche,SD,44.6723,-103.8396,3.22733333
DITTYS,Kimball,SD,43.7467,-98.9584,3.089
LOVES TRAVEL STOP #299,Anna,TX,33.3445,-96.5639,3.19733333
COFFEE CUP FUEL STOP #4,Plankinton,SD,43.7373,-98.4694,3.02733333
PILOT TRAVEL CENTERS #2,Austinburg,OH,41.7554,-80.8584,3.859
TA GREENSBORO TRAVEL CENTER,Whitsett,NC,36.033,-79.5972,3.99733333
TA Express Vermillion #275,Burbank,SD,42.7638,-96.8466,3.099
COFFEE CUP FUEL STOP #8,Vivian,SD,43.9535,-100.286,3.09733333
One9 #1339,Parish,NY,43.4153,-76.1,3.799
TA MILL CITY TRAVEL CENTER,Imlay,NV,40.5484,-118.0344,3.794
KANGAROO CROSSING #1101,Pickens,MS,32.8905,-89.9737,3.099
CIRCLE K #4707002,Newport,ME,44.8393,-69.2675,3.899
Thorntons #617,La Vergne,TN,35.93615,-86.4905,2.88233333
Petes #03,Moran,KS,37.9342,-95.1647,3.26566666
MAPLE HILL TRUCK STOP,Maple Hill,KS,39.0447,-96.0397,3.05233333
LOVES TRAVEL STOP #451,Whiteland,IN,39.5611,-86.0723,3.949
PARADISE AUTO TRUCK PLAZA,Rochester,IN,41.0655,-86.231,3.40566666
7-ELEVEN #40354,Palm Bay,FL,28.019314,-80.633971,3.21566666
CIRCLE K #2706690,Opelika,AL,32.61145,-85.3544,2.999
STRIPES #40673,Mcallen,TX,26.22164,-98.22942,3.289
TA DANSVILLE TRAVEL CENTER,Dansville,NY,42.57,-77.7109,4.499
JIMS  BEST STOP,Selmer,TN,35.1691,-88.5958,3.174
LOVES TRAVEL STOP #411,Clive,IA,41.6067,-93.7457,3.34066666
Circle K #2723687,Bremen,GA,33.7309,-85.1286,3.08733333
FLINT HILLS FUEL MART,Florence,KS,38.2415,-96.9346,3.499
CASEYS #4225,Nashville,TN,36.166456,-86.785662,3.06233333
Maplefields,Fair Haven,VT,43.6234,-73.2701,3.599
MILLERS TRAVEL CENTER,Wellington,UT,39.5423,-110.735,3.659
GOOD TO GO #10,Winamac,IN,41.0562,-86.6307,3.914
LOVES TRAVEL STOP #715,Bastian,VA,37.1574,-81.1989,3.59733333
TOWN PUMP FOOD STORE #8929,Conrad,MT,48.1783,-111.9397,3.599
BECKS #27,Mendota,IL,41.5443,-89.1083,3.269
RACETRAC #2620,Indianapolis,IN,39.800271,-86.136173,3.159
CITGO,Abbeville,AL,31.5755,-85.279,3.399
ROAD MART,Ashdown,AR,33.6787,-94.1351,3.299
EL CENTRO TRAVEL CENTER,El Centro,CA,32.79205,-115.6296,4.499
SPRINT FOODS #715,Augusta,GA,33.432962,-82.075146,3.19233333
GEO H GREEN OIL,Newnan,GA,33.36945,-84.77545,3.199
GIT N GO CONVENIENCE STORE #34,Marshalltown,IA,42.0405,-92.9127,3.119
KWIK STAR #1530,Rochelle,IL,41.9282,-89.071,3.499
THORNTONS #164,Memphis,IN,38.4642,-85.7775,3.62566666
PETES #20,Fort Scott,KS,37.8216,-94.7148,3.199
YESWAY #1116,Mcpherson,KS,38.3763,-97.6702,3.259
PILOT TRAVEL CENTERS #437,Williamsburg,KY,36.747,-84.1394,3.609
OPELOUSAS 190 TRUCK STOP,Opelousas,LA,30.52395,-92.0856,2.87066666
SPEEDWAY #8740,Dewitt,MI,42.8428,-84.5797,3.599
SPEEDWAY #1407,Jackson,MI,42.2482,-84.402575,3.549
FLYING J FUEL STOP #668,Saginaw,MI,43.417491,-83.997509,3.289
QUIKTRIP #611,Herculaneum,MO,38.2625,-90.3896,2.99066666
INTERSTATE STATION #8,Natchez,MS,31.526733,-91.3906,3.399
PILOT #7976,Troutman,NC,35.6863,-80.8822,3.659
CENEX C STORE,Kenmare,ND,48.7182,-102.0852,3.46733333
KUM & GO #0370,Gretna,NE,41.1345,-96.2458,2.92066666
SIMONS EXIT 16,Enfield,NH,43.6256,-72.127,3.499
CIRCLE K #2708931,Tucumcari,NM,35.168,-103.7179,3.259
Maverik #674,North Las Vegas,NV,36.25226,-115.14526,3.28233333
MAVERIK COUNTRY STORE #610,Winnemucca,NV,41.0214,-117.75345,3.389
LOVES TRAVEL STOP #772,Bath,NY,42.3575,-77.3028,4.489
SMOKIN JOES,Sanborn,NY,43.1419,-78.8785,3.699
FRIENDSHIP FOOD MART #70,Port Clinton,OH,41.512,-82.9377,3.939
LOVES TRAVEL STOP #263,Lawton,OK,34.61472,-98.41248,3.21733333
LOVES TRAVEL STOP #260,Norman,OK,35.213817,-97.41365,3.254
DRUMS FUEL STOP,Drums,PA,41.0255,-75.9768,3.569
KWIK FILL #228,North East,PA,42.2008,-79.8332,4.089
ONVO TRAVEL PLAZA - PROMISED LAND,Tafton,PA,41.4045,-75.183,3.54566666
THORNTONS #615,Kingston Springs,TN,36.0953,-87.1156,2.98233333
Paradise RV & Truck Park,Alvord,TX,33.3698,-97.6885,2.81566666
LOVES TRAVEL STOP #447,Anthony,TX,31.9907,-106.5976,3.449
CEFCO #1050,Mount Vernon,TX,33.1702,-95.2181,2.94233333
TEX-BEST #528,Elmendorf,TX,29.2308,-98.372,2.89233333
KWIK TRIP #648,Black River Falls,WI,44.2954,-90.8313,3.23733333
FREMONT CITGO,Fremont,WI,44.2379,-88.8449,3.399
GO MART FOOD STORE #50,Beckley,WV,37.77105,-81.2153,3.599
I-69 TRUCKSTOP TRAVEL CENTER,Memphis,MI,42.941,-82.8046,3.499
REBEL TRUCK STOP,Kalama,WA,46.0112,-122.8166,4.499
QUIKTRIP #7177,Theodore,AL,30.5162,-88.217,2.88233333
76 DBA ONE9 #1415,Lake Panasoffkee,FL,28.7953,-82.1363,3.17233333
FRIENDLY EXPRESS #31,Folkston,GA,30.8508,-82.0116,3.099
SPEEDWAY #8062,Kokomo,IN,40.472225,-86.129575,3.799
RUSSELL 24/7,Russell,KS,38.8806,-98.8595,3.00733333
CASEYS #4459,Mayfield,KY,36.7327,-88.6506,3.249
SHELL,Jonesville,LA,31.6862,-91.8678,3.399
SHOP A LOTT #10,Natchitoches,LA,31.7523,-93.083267,3.12566666
BEACON & BRIDGE #7,Mount Morris,MI,43.116,-83.6895,3.379
BLUE SKY #734,Saltillo,MS,34.3831,-88.6674,3.08233333
SROKAS SERVICE CENTER,Fort Ann,NY,43.4285,-73.4784,3.799
Sinclair,Sunnyside,WA,46.3213,-120.0126,4.599
One9 #319,Dalton,GA,34.768,-84.960725,3.01566666
GETGO #3202,Erie,PA,42.133838,-80.072158,3.899
TA SOUTHINGTON TRAVEL CENTER,Milldale,CT,41.5659,-72.8918,5.199
CHEVRON,Globe,AZ,33.3983,-110.78785,4.299
Circle K #2707255,Tifton,GA,31.4629,-83.5436,3.06233333
QUIKTRIP #4299,Monument,CO,39.1007,-104.8542,3.159
Applegreen,Sturbridge,MA,42.1126,-72.0842,3.999
SPEEDWAY #1127,Bolingbrook,IL,41.6883,-88.1138,3.299
CIRCLE K #2721577,Monroeville,AL,31.5187,-87.34105,3.434
THOMPSON'S CORNER,Millen,GA,32.7877,-81.9618,3.31566666
IGA EXPRESS SHELL #874,Bowling Green,KY,36.960875,-86.42005,2.999
DELTA TOWN TRUCK STOP,Vinton,LA,30.2015,-93.5728,2.799
CASEYS #3002,Saint James,MN,43.9875,-94.6229,3.219
CIRCLE K #2723445,Vicksburg,MS,32.35225,-90.854775,2.959
BOLLA MARKET,Elizabeth,NJ,40.666725,-74.2151,3.099
RAYMOND TRUCK STOP,Newark,NJ,40.746235,-74.198195,3.259
MIRABITO #69,Oneonta,NY,42.4625,-75.0491,3.999
SHEETZ #795,Disputanta,VA,37.1483,-77.2732,2.98233333
KWIK FILL #249,Duncansville,PA,40.4262,-78.4383,4.07233333
STAMART 1224,Bismarck,ND,46.813229,-100.753686,3.61566666
QUARLES #4436,Dundalk,MD,39.2655,-76.4935,3.699
FUEL MART OF AMERICA,Detroit,MI,42.334304,-83.099896,3.499
SPEEDWAY #2376,Cedar Springs,MI,43.2215,-85.5452,3.899
PILOT TRAVEL CENTERS #335,Rayville,LA,32.4456,-91.7433,3.21233333
LOVES TRAVEL STOP #814,Hamilton,AL,34.1534,-88.0085,3.55566666
ALMA TRAVEL MART,Alma,AR,35.5,-94.2073,3.33233333
DOSWELL TRUCK STOP,Doswell,VA,37.8417,-77.5125,2.899
SHERMAN TRAVEL CENTER,Senatobia,MS,34.6323,-89.8855,3.029
7-ELEVEN #41808,Blacksburg,SC,35.1095,-81.4942,3.359
CASEYS #3004,Truman,MN,43.82,-94.4319,3.299
PILOT TRAVEL CENTERS #324,Franksville,WI,42.7859,-87.9873,3.889
LOVES TRAVEL STOP #267,Morrilton,AR,35.1692,-92.7354,3.36066666
MAVERIK #716,Wells,NV,41.1116,-114.9645,3.39233333
Kwik Star #1071,Davenport,IA,41.565378,-90.5916,3.324
SPEEDWAY #8502,Findlay,OH,41.04455,-83.6478,3.299
Mobil dba ONE9 #1341,Arlington,WA,48.1829,-122.1121,3.799
SHEETZ #194,Falls Creek,PA,41.1455,-78.8128,3.30733333
J MART #322,Falkville,AL,34.3477,-86.9131,3.199
PILOT TRAVEL CENTERS #340,Fernley,NV,39.6019,-119.235,3.91566666
CHEVRON FOOD MART,Ringgold,GA,34.9205,-85.1549,2.859
SUPER SAVER EXPRESS,Sulphur,LA,30.228033,-93.378033,2.999
NEW MADRID,New Madrid,MO,36.6073,-89.5366,3.269
PILOT #1290,Red Oak,TX,32.5185,-96.8071,3.299
PLAINVIEW TRAVEL PLAZA,Oshkosh,WI,44.03684,-88.59328,3.199
PILOT TRAVEL CENTERS #6,Cambridge,OH,40.027,-81.582,3.509
LONGHORN EXPRESS,Ardmore,OK,34.2066,-97.1903,3.009
FLORENCE VALERO,Burlington,NJ,40.068,-74.8454,3.13566666
7-ELEVEN #40118,Muncy,PA,41.2137,-76.7633,4.359
CHESAPEAKE HOUSE SUNOCO,North East,MD,39.6045,-75.9538,3.83233333
7-ELEVEN,Wichita Falls,TX,33.90615,-98.504638,2.76066666
FLYING J TRAVEL PLAZA #695,Beaverdam,OH,40.8314,-83.9758,3.33066666
PETRO CARNESVILLE #377,Carnesville,GA,34.3631,-83.2547,3.154
ALLSUPS CONVENIENCE STORE #2472,Atoka,OK,34.3445,-96.1418,2.96733333
KING TRAVEL PLAZA,Kingsland,GA,30.7977,-81.7075,3.109
KWIK STAR #303,Brooklyn,IA,41.7321,-92.4285,3.129
FAS MART #5260,Maysville,KY,38.6207,-83.8067,3.364
LOVES TRAVEL STOPS #270,Ranger,TX,32.4681,-98.6747,3.189
FLYING J TRAVEL PLAZA #678,Pearl,MS,32.2675,-90.11085,3.149
ONE9 #1362,Winslow,AZ,35.0242,-110.6974,3.22566666
STRIPES 7FLEET #42562,Littlefield,TX,33.9212,-102.3207,3.199
DANDY MINI MART #19,Sayre,PA,41.9842,-76.5218,3.99233333
PETRO STOPPING CENTER #323,Reddick,FL,29.3754,-82.244,3.35233333
BIG SKY TRUCK STOP,Dillon,MT,45.2339,-112.6405,3.689
WINDSTARS #5101,Kansas City,MO,39.117442,-94.567246,3.099
LEES FOOD MART #1122,Clinton,TN,36.09845,-84.17845,2.969
PWI #115,Buffalo,TX,31.4121,-95.9904,2.899
TA Express Osseo #431,Osseo,WI,44.5599,-91.2191,3.469
PANTRY TRUCKSTOP,Rapid River,MI,45.9107,-86.8845,3.319
RACETRAC #2529,San Antonio,FL,28.3371,-82.2882,3.31566666
Henderson Fuel Mart,Henderson,NE,40.7814,-97.7979,2.899
MOBIL,Cleveland,OH,41.52308,-81.655405,3.76566666
RACETRAC #2580,Murfreesboro,TN,35.8414,-86.414229,3.03233333
FLYING J TRAVEL PLAZA #672,Peculiar,MO,38.7165,-94.4405,3.42233333
WORKMANS TRAVEL CENTER,Ozark,AR,35.5246,-93.8374,3.29733333
MOBIL,Plattsburgh,NY,44.68905,-73.4567,3.799
MAVERIK COUNTRY STORE #620,Saint George,UT,37.09885,-113.5776,3.46233333
QUIKTRIP #7136,Brunswick,GA,31.2104,-81.5091,3.074
CASEYS #3855,Yankton,SD,42.8821,-97.3986,3.139
SUPERPUMPER #22,Belfield,ND,46.8198,-103.1261,3.529
BYRNE DAIRY #136,Liverpool,NY,43.0947,-76.202733,3.659
PILOT TRAVEL CENTERS #348,Bentleyville,PA,40.1187,-80.007,4.109
7-ELEVEN #40281,Jim Thorpe,PA,40.87,-75.7397,3.589
7-ELEVEN #40278,Plainfield,PA,40.203,-77.2848,3.96733333
LOVES TRAVEL STOP #535,Middletown,PA,40.2041,-76.7331,3.759
7-ELEVEN #40285,Bowmansville,PA,40.1966,-76.016,3.97066666
7-ELEVEN #40277,Newburg,PA,40.1333,-77.5669,4.299
CASEYS #3364,Carrington,ND,47.4573,-98.8933,3.439
QUIKTRIP #7147,Dickson,TN,36.11145,-87.37625,2.91566666
PILOT #7971,Conover,NC,35.7313,-81.2165,3.699
STRIPES #40530,Del Rio,TX,29.38285,-100.913275,3.229
MURPHY USA #7827,Hereford,TX,34.837,-102.405,2.829
SPEEDWAY #7236,Avon,OH,41.4467,-82.0204,3.659
SPINX #125 (DISCOUNT AVAILABLE),Piedmont,SC,34.7244,-82.4702,3.06566666
CORNER MARKET #111,Goodland,KS,39.3491,-101.7164,3.059
STRIPES 7FLEET #42567,Stanton,TX,32.14,-101.8099,3.01566666
Loves Travel Stop #646,Willington,CT,41.8966,-72.2622,4.359
PILOT TRAVEL CENTERS #390,Stanfield,OR,45.786,-119.2116,3.469
FLYING J TRAVEL PLAZA #673,Sullivan,MO,38.2307,-91.1567,3.324
Pride Travel Center dba One9 #1215,Salome,AZ,33.7481,-113.5715,3.359
PILOT TRAVEL CENTERS #386,Salem,OR,44.943936,-123.009464,3.859
LOVES TRAVEL STOP #414,Haubstadt,IN,38.1895,-87.5798,3.949
KENT KWIK #262,Monahans,TX,31.5813,-102.9003,2.859
SPEEDWAY #8316,Dyer,IN,41.492,-87.5108,3.649
One9 #61,Clinton,SC,34.4707,-81.8772,3.099
Minit Mart #3,Eagle Pass,TX,28.6909,-100.4801,3.199
ONE9 #058,Pleasant Hill,NC,36.5212,-77.5192,3.399
MAVERIK COUNTRY STORE #549,Aurora,CO,39.709118,-104.705965,3.18566666
FLYING J TRAVEL PLAZA #699,Millersport,OH,39.8993,-82.5283,3.44566666
Stripes #42566,Ballinger,TX,31.7468,-99.9589,3.05566666
SPEEDWAY #6542,Midway,FL,30.485,-84.4768,3.599
TEX-BEST #505,New Braunfels,TX,29.72135,-98.130375,2.80566666
TRAVELING TIGER CENTER,Sierra Blanca,TX,31.1938,-105.3219,3.15566666
OKEMAH TRAVEL CENTER,Okemah,OK,35.4647,-96.3287,2.879
PILOT TRAVEL CENTERS #163,Lordsburg,NM,32.316,-108.723,3.439
RACETRAC #2515,Fort Worth,TX,32.76022,-97.314932,2.87733333
EXXON,Livingston,AL,32.5843,-88.1872,2.979
PETRO STOPPING CENTER #378,Pittston,PA,41.340033,-75.785033,4.16566666
EXPRESS LANE TRAVEL CENTER,Lawrence,MS,32.2876,-89.2724,3.299
CENEX ZIP TRIP #75,Miles City,MT,46.4075,-105.8332,3.49733333
PILOT TRAVEL CENTERS #336,Du Bois,PA,41.126,-78.7527,4.034
STRIPES 7FLEET #42433,Bronte,TX,31.8789,-100.2988,3.474
KUM & GO #0414,Springdale,AR,36.178575,-94.125325,3.14233333
KWIK STAR #348,Clinton,IA,41.846275,-90.193425,3.624
DK #13904,Palestine,AR,34.9663,-90.9049,3.01566666
LOVES TRAVEL STOP #278,Joseph City,AZ,34.9814,-110.3373,3.60733333
PILOT TRAVEL CENTERS #90,Fort Pierce,FL,27.427991,-80.371118,3.459
PILOT TRAVEL CENTER #249,Troy,IL,38.7243,-89.8708,3.379
LOVES TRAVEL CENTER #518,Springville,UT,40.1625,-111.5987,3.689
SUNSTOP #625,Ashford,AL,31.1888,-85.2535,3.599
SUNSTOP #619,Daleville,AL,31.2811,-85.7305,3.399
GOOD TO GO,Enterprise,AL,31.3193,-85.87285,3.599
HOBO PANTRY #18,Headland,AL,31.3534,-85.3323,3.599
OCS QUICK STOP,Mount Vernon,AL,31.0974,-88.035,3.699
HOP-IN FOOD STORES,Maplesville,AL,32.8045,-86.8717,3.399
Loves Travel Stop # 660,Walsenburg,CO,37.6465,-104.7798,4.249
BERKSHIRE PETROLEUM,North Haven,CT,41.3822,-72.8585,3.549
ZELLWOOD TRUCK STOP,Zellwood,FL,28.7194,-81.5762,3.499
SUNSTOP #419,Camilla,GA,31.2199,-84.2297,3.499
CIRCLE K #2723903,Dawson,GA,31.7703,-84.5238,3.499
96 TRAVEL PLAZA,Jeffersonville,GA,32.7411,-83.3859,3.399
CIRCLE K #2745152,Pelham,GA,31.1272,-84.1564,3.499
KWIK STAR #711,Monona,IA,43.034,-91.3934,3.624
CUBBYS #2301,Onawa,IA,42.037,-96.1072,3.149
STINKER #74,Bliss,ID,42.9449,-114.9104,3.634
METRO,Avenel,NJ,40.5826,-74.2785,3.299
ELIZABETH TRUCK STOP,Elizabethport,NJ,40.6501,-74.1871,3.399
HUCKS FOOD & FUEL #186,Heyworth,IL,40.3307,-88.9776,3.479
CHUCKLES #27,Washington,IN,38.6536,-87.1707,3.339
24-7,Colby,KS,39.383,-101.0442,3.05566666
JUMP START #9,South Haven,KS,37.05,-97.4042,3.069
CRVS #7,Tribune,KS,38.4962,-101.7656,3.399
EXIT 80 TRAVEL PLAZA,Crowley,LA,30.2216,-92.33975,3.109
BEAU CHENE TRUCK STOP,Grand Coteau,LA,30.4201,-92.0462,3.399
WHITE MARSH TRUCK STOP,White Marsh,MD,39.3923,-76.4132,3.369
CIRCLE K #4707001,Sherman,ME,45.8731,-68.3847,3.93233333
SPEEDWAY #8749,Flint,MI,43.013953,-83.720471,3.089
CHARLIES COUNTRY CORNER,Grayling,MI,44.677,-84.65085,3.799
LAKESHORE BP,Manistique,MI,46.0062,-86.2555,3.499
True North #254,Traverse City,MI,44.772375,-85.611775,3.729
DORR TRUCK STOP,Wayland,MI,42.6643,-85.6191,3.499
PETRO SERVE USA #54,Glyndon,MN,46.882,-96.5583,3.449
FLYING W CONVENIENCE STORE,Carthage,MO,37.1597,-94.3112,3.199
CASEYS #2907,Charleston,MO,36.9213,-89.3342,3.044
PILOT TRAVEL CENTERS #385,Collins,MO,37.881,-93.6608,3.49566666
FAST LANE #50,Laddonia,MO,39.2425,-91.6454,3.15733333
AMOCO,Lancaster,MO,40.5253,-92.5264,3.249
CASEYS #4399,New Florence,MO,38.9023,-91.4909,2.949
Kangaroo Crossing #1107,Pelahatchie,MS,32.318,-89.7913,3.199
CAN AM C STORE,Plentywood,MT,48.7788,-104.56,3.499
MINUTEMAN FOOD MART #20,Whiteville,NC,34.3241,-78.716,3.46066666
PUMP & PANTRY #35,Alma,NE,40.1189,-99.3601,3.459
BONS BONS MOBIL,Merrimack,NH,42.8667,-71.5128,3.699
Circle K #4706716,Yorkville,IL,41.6387,-88.4438,3.499
HAHN OIL,Coshocton,OH,40.2754,-81.866,3.299
QUIKTRIP #7096,Dayton,OH,39.746584,-84.19954,3.03233333
MOTOMART #4129,Marion,OH,40.6021,-83.0982,3.34233333
FUEL MART #701,Bedford,OH,41.3921,-81.5232,3.529
Bell Stores #165,Wooster,OH,40.8094,-81.9483,3.51566666
PETES #11,Dewey,OK,36.8013,-95.9345,3.154
FEGLEY VALERO,Tamaqua,PA,40.7983,-75.9735,3.599
CIRCLE K #2723873,Georgetown,SC,33.41725,-79.27495,2.899
FLASH MARKET #302,Pageland,SC,34.7722,-80.3966,3.38566666
ENMARKET #892,Harleyville,SC,33.2205,-80.4501,3.399
CORNER PANTRY #25,Huron,SD,44.36115,-98.2153,3.079
7-ELEVEN #36567,Bryan,TX,30.685714,-96.367071,3.144
CIRCLE K #2706340,Canton,TX,32.5143,-95.9047,2.77566666
CIRCLE K #2744522,New Boston,TX,33.4619,-94.4375,2.94233333
CEFCO #2070,Plainview,TX,34.13255,-101.77645,2.83233333
CEFCO #2006,Shamrock,TX,35.2142,-100.249,3.099
SPEEDWAY #4633,Roanoke,VA,37.283661,-79.951644,3.399
BJS AUTO TRUCK PLAZA,Rock Island,WA,47.3706,-120.1378,3.999
RIVER COUNTRY PLAZA,Cadott,WI,44.963,-91.1699,3.39733333
DARLINGTON MINI MART,Darlington,WI,42.6878,-90.1106,3.399
EXXON ON THE RUN,Gassville,AR,36.3175,-92.4736,3.695
PWI #502,Golden,CO,39.7078,-105.22975,3.199
REATA TRAVEL STOP,Sterling,CO,40.6306,-103.2212,3.399
CRVS STORE #6,Wray,CO,40.0685,-102.393,3.449
BP,Baxley,GA,31.781,-82.34855,3.599
NEIGHBORS EXPRESS,Hawkinsville,GA,32.2778,-83.4948,3.399
EATONTON TRAVEL CENTER,Eatonton,GA,33.32155,-83.3699,3.249
CIRCLE K #2723324,Clarkesville,GA,34.645,-83.5243,3.439
MARATHON,Lithia Springs,GA,33.7655,-84.6469,2.87233333
SPRINT FOODS #722,Louisville,GA,33.0163,-82.3836,4.099
MARATHON #9,Macon,GA,32.81893,-83.6651,3.039
CIRCLE K #2745080,Ocilla,GA,31.5929,-83.2565,3.62566666
CIRCLE K #2723678,Rome,GA,34.2983,-85.21016,3.06233333
JET FOOD STORE #4,Wadley,GA,32.8747,-82.4025,3.41566666
BATAVIA GARDENS AND GAS,Batavia,IA,40.9905,-92.1431,3.379
KWIK STAR #712,Janesville,IA,42.6465,-92.4791,3.599
CASEYS #3639,Postville,IA,43.0036,-91.5478,3.599
BARRY TRAVEL PLAZA,Barry,IL,39.7047,-91.0265,3.599
SPEEDWAY #5400,Bloomingdale,IL,41.894,-88.08345,3.759
SPEEDWAY #7422,Burbank,IL,41.7447,-87.7699,3.619
FREEDOM OIL #18,Edwards,IL,40.779,-89.723,3.399
EXPRESS LANE #50,Hillsdale,IL,41.5929,-90.2263,3.699
SPEEDWAY #7382,Lombard,IL,41.8721,-88.016,3.249
RED ROOSTER TERMINAL,Olney,IL,38.7334,-88.0809,3.189
THORNTONS #330,Cicero,IL,41.8378,-87.7602,3.549
WENONA BP,Wenona,IL,41.0548,-89.0416,3.499
GAS AND STUFF,Georgetown,IN,38.3029,-85.9617,3.799
Shell,Goshen,IN,41.602433,-85.851767,3.549
STERNBERG CITGO TRUCK STOP,Jasper,IN,38.363267,-86.893967,3.759
JACK FLASH,Farina,IL,38.8469,-88.7614,3.099
HOBO TRUCK STOP 2,Garden City,KS,37.9769,-100.8621,3.399
CROSSROADS EXPRESS,Oberlin,KS,39.8275,-100.5314,3.089
NORTH WEST TRUCK STOP,Franklin,LA,29.7857,-91.5026,3.399
GULF OIL LP #5020,Blandford,MA,42.1829,-72.9361,3.914
GULF #5165,Framingham,MA,42.38442,-71.44752,4.06566666
GULF OIL #5030,Ludlow,MA,42.1728,-72.471,3.909
XTRAMART,Westborough,MA,42.2679,-71.6176,3.649
MARDELA GOOSE CREEK FOOD STORE,Mardela Springs,MD,38.4864,-75.7414,3.979
WESTOVER GOOSE CREEK,Westover,MD,38.09685,-75.8144,3.259
MARATHON,Bay City,MI,43.6429,-83.921467,3.199
HAGGERTY JOY MOBIL,Canton,MI,42.3115,-83.46725,3.699
MARATHON,Clare,MI,43.8223,-84.7635,3.289
HEARTLAND MOBIL,Fenton,MI,42.7851,-83.7294,3.849
SPEEDWAY #8753,Burton,MI,42.9954,-83.626833,3.089
LOVES TRAVEL STOP #832,Forest Lake,MN,45.2685,-92.9749,3.36233333
CO-OP SERVICE,New York Mills,MN,46.5559,-95.4047,3.499
Northdale Oil,Thief River Falls,MN,48.1191,-96.1811,3.239
CIRCLE K #2746501,Worthington,MN,43.6286,-95.6059,3.14233333
LOVES TRAVEL STOP #488,Bloomsdale,MO,38.0451,-90.2805,3.38233333
TEMP STOP #102,Eldon,MO,38.3401,-92.5736,3.199
Caseys #4540,Lathrop,MO,39.5177,-94.3093,3.07566666
MOTOMART #3361,Perryville,MO,37.7174,-89.8737,2.989
STUCKEYS EXPRESS #619,Heidelberg,MS,31.882,-88.9981,3.499
CEFCO #501,Lauderdale,MS,32.5022,-88.4956,2.899
Blue Sky #717,Walnut,MS,34.9527,-88.9053,3.099
CHEVRON CURB STORE,Wiggins,MS,30.8609,-89.1324,3.499
TOWN PUMP FOOD STORE #8947,Chinook,MT,48.5799,-109.2225,3.629
TOWN PUMP FOOD STORE #3000,Lewistown,MT,47.0563,-109.4203,3.599
MINUTEMAN FOOD MART #06,Clinton,NC,35.0065,-78.32465,3.649
SHEETZ #703,Garner,NC,35.6813,-78.5975,2.859
SHEETZ #548,Greensboro,NC,36.0786,-79.803561,2.859
7-ELEVEN #36075,Union Grove,NC,36.0369,-80.8967,2.859
CENEX,Devils Lake,ND,48.1132,-98.8616,3.24066666
MARATHON,Valley City,ND,46.9268,-98.0033,3.499
FLEMING OIL FOOD MART,West Chesterfield,NH,42.8956,-72.5097,3.899
DELTA,Jersey City,NJ,40.728808,-74.068792,3.239
SUNOCO- WALT WHITMAN PLAZA #7007,Cherry Hill,NJ,39.906233,-74.9963,3.899
BP,Cranbury,NJ,40.3039,-74.5065,3.14566666
SUNOCO,Carlstadt,NJ,40.8403,-74.0925,3.16233333
BLUE STAR,Flemington,NJ,40.518,-74.8453,3.399
SUNOCO JAMES F COOPER PLAZA- #7008,Mount Laurel,NJ,39.9478,-74.9036,3.959
GASWAY,North Brunswick,NJ,40.4538,-74.4823,3.159
SUNOCO,Phillipsburg,NJ,40.7079,-75.1507,3.329
SUNOCO- ALEXANDER HAMILTON PLAZA #7016,Secaucus,NJ,40.7619,-74.06945,3.899
KENT KWIK #501,Alamogordo,NM,32.89635,-105.9544,2.98233333
104 STORE,Red Creek,NY,43.2291,-76.7146,3.799
KWIK FILL #58,Rochester,NY,43.198102,-77.636595,3.969
7-ELEVEN #40294,Amherst,OH,41.3617,-82.2538,3.53233333
Certified Oil #400352,Clyde,OH,41.3024,-82.9918,3.379
7-ELEVEN #40302,Genoa,OH,41.53,-83.359,3.66233333
7-ELEVEN #40297,Mantua,OH,41.2941,-81.2283,3.53233333
CITGO,Maumee,OH,41.5817,-83.6628,3.499
7-ELEVEN #40299,New Springfield,OH,40.9265,-80.5856,3.53233333
S&G,Oregon,OH,41.6418,-83.4714,3.599
CHOCTAW NATION GRANT #633,Grant,OK,33.9302,-95.4893,2.999
SPRINGER TRAVEL PLAZA,Springer,OK,34.3038,-97.1223,2.91566666
SHEETZ #603,Bethel,PA,40.4808,-76.2742,3.32733333
S&P Oil,Levittown,PA,40.15336,-74.8466,3.81566666
7-ELEVEN #40273,Somerset,PA,39.99405,-79.06085,4.20733333
7-ELEVEN #35774,Verona,PA,40.4927,-79.8345,4.20733333
KWIK FILL #295,Warren,PA,41.8438,-79.1542,4.699
7-ELEVEN #40276,Waterfall,PA,40.1276,-78.0628,4.199
RACETRAC #2635,Greenville,SC,34.855065,-82.4125,2.899
HOT SPOT #2009,Greenwood,SC,34.1975,-82.1614,2.939
QUIKTRIP #1110,Greer,SC,34.926933,-82.238467,3.08566666
Shell,Hemingway,SC,33.7419,-79.4489,3.199
HOT SPOT #2028,Marion,SC,34.1562,-79.3898,2.999
Circle K #2746490,Mitchell,SD,43.7094,-98.0298,3.064
PRARIE STOP,Watertown,SD,44.9043,-97.124,3.279
ECO TRAVEL PLAZA,Crossville,TN,35.97198,-85.01606,3.02566666
PILOT TRAVEL CENTERS #252,Kearney,MO,39.3652,-94.3621,3.699
SHELL,Mason,TN,35.438,-89.5518,3.549
LEES FOOD MART #123,Bulls Gap,TN,36.2832,-83.0374,3.259
MAJOR MARKETS #276,Ripley,TN,35.7527,-89.535,3.799
PHILLIPS 66,Union City,TN,36.42525,-89.06185,3.38233333
WOODYS FOOD MART,Centerville,TX,31.272,-95.9213,2.84566666
ALLSUPS CONVENIENCE STORE #2264,Seminole,TX,32.721,-102.6828,3.094
ALLSUPS CONVENIENCE STORE #2304,Vega,TX,35.2241,-102.4214,2.999
NEW DIXIE MART #15,Franklin,VA,36.6786,-76.9391,3.099
EXXON,Martinsville,VA,36.681475,-79.866175,3.375
CIRCLE K #2723712,Bland,VA,37.1376,-81.0201,3.37566666
LANKFORD TRUCK PLAZA,Townsend,VA,37.1882,-75.969,3.399
CHEVRON,Longview,WA,46.1514,-122.9634,4.499
KWIK TRIP #887,Appleton,WI,44.328167,-88.425117,3.30233333
BARRON FARMERS UNION,Barron,WI,45.4005,-91.85,3.639
BRISTOL BP,Bristol,WI,42.5325,-88.0478,3.719
KWIK TRIP #332,Horicon,WI,43.4469,-88.631,3.21566666
KWIK TRIP #781,Redgranite,WI,44.0438,-89.0981,3.35233333
SPARTA TRAVEL CENTER,Sparta,WI,43.954,-90.8146,3.179
CASEYS #3715,Whitewater,WI,42.8272,-88.7429,3.299
HUTTER'S,Jonestown,PA,40.4361,-76.5038,3.719
FLASH MARKET #17046,Clinton,AR,35.6045,-92.4758,3.239
STUBS GAS AND OIL,Wiggins,CO,40.1598,-104.0468,3.559
Circle K #2726278,Hastings,FL,29.7051,-81.4909,3.569
Circle K #2745099,Hazlehurst,GA,31.8606,-82.5909,3.529
BP,Delaware,IA,42.4766,-91.3112,3.299
MINIT MART #600630,El Paso,IL,40.7389,-89.012,3.599
7-ELEVEN #34713,Belvidere,IL,42.2595,-88.8509,3.659
SPEEDWAY #6662,Bristol,IN,41.7169,-85.8262,3.549
HAWESWAY TRUCKSTOP,Owensboro,KY,37.74955,-87.115325,3.599
SUPER QUIK #9,Ashland,KY,38.40865,-82.68825,3.669
CM GALLIANO,Cut Off,LA,29.5232,-90.3393,3.499
MARATHON,Gaylord,MI,45.02,-84.67355,3.799
Sunoco,New Boston,MI,42.1449,-83.3589,3.399
EXPRESS FOOD DEPOT,Smiths Creek,MI,42.9051,-82.5679,3.629
ONE9 #23,Ionia,MI,42.9859,-85.071,3.439
TOWN PUMP FOOD STORE #922,Big Timber,MT,45.8283,-109.9631,3.479
PETRO SERVE USA,West Fargo,ND,46.8907,-96.9258,3.029
PUMP & PANTRY #34,Gordon,NE,42.8068,-102.2049,3.449
MR MIKES MINI MART,Northwood,NH,43.207,-71.2004,3.599
A ONE TRUCK STOP,South Amboy,NJ,40.464,-74.2742,3.499
LOVES TRAVEL STOP #364,Charleston,TN,35.2556,-84.7666,3.589
CIRCLE K #4707612,Tully,NY,42.807,-76.1394,3.799
SUNOCO,Cincinnati,OH,39.170541,-84.504528,3.099
DAVIS TRAVEL CENTER #108,Warfield,VA,36.9011,-77.7673,3.099
CIRCLE K #4705567,Twinsburg,OH,41.3289,-81.4559,3.63233333
ONVO TRAVEL PLAZA,Lake Ariel,PA,41.4395,-75.4313,3.58566666
MARTIN GENERAL STORE,Alexandria,PA,40.5485,-78.0951,3.539
TA WEST GREENWICH,West Greenwich,RI,41.64,-71.6435,3.76566666
CIRCLE K #2723693,Charleston,SC,32.825244,-79.928263,2.97566666
CIRCLE K #2742034,Schertz,TX,29.579,-98.2778,2.794
OMAK MART,Omak,WA,48.4143,-119.5272,4.149
KWIK TRIP #686,Sturtevant,WI,42.6967,-87.9031,3.769
MARION TRAVEL CENTER,Marion,AR,35.2077,-90.1989,3.199
ROAD RANGER #118,Springfield,IL,39.775611,-89.618957,3.299
76 FUEL CENTER,Berea,KY,37.5743,-84.2856,2.999
LOVES TRAVEL STOP #367,Le Roy,IL,40.3468,-88.7598,3.389
FAT DOGS NORTH PLATTE SOUTH,North Platte,NE,41.0895,-100.76075,3.074
KWIK N EZ #1,Checotah,OK,35.4358,-95.535,2.909
Flying J Travel Plaza #720,Fairview,TN,35.9755,-87.1321,3.18566666
OLD STONE JIFFY MART,Clear Brook,VA,39.2655,-78.0988,3.599
ALLSUPS CONVENIENCE STORE #2103,Decatur,TX,33.2351,-97.574,2.899
FLYING J TRAVEL PLAZA #704,Edmond,OK,35.662133,-97.484133,3.30566666
KWIK TRIP #342,Stevens Point,WI,44.528967,-89.5352,3.559
RACETRAC #2634,Saint George,SC,33.1845,-80.5732,2.999
SPEEDWAY #7929,Colfax,NC,36.1003,-80.0103,2.854
PILOT TRAVEL CENTERS #243,Nitro,WV,38.4193,-81.8293,3.62566666
RACEWAY #6891,Decatur,AL,34.59114,-86.9878,3.099
CIRCLE K #2745064,Cordele,GA,31.9369,-83.78445,2.999
MAVERIK COUNTRY STORE #595,Caldwell,ID,43.668733,-116.749667,3.369
SUAMICO CITGO,Suamico,WI,44.6435,-88.0317,3.269
GAS N GO,Byron,GA,32.6181,-83.789,3.17233333
CITGO QUIK MART,Tennille,GA,32.9063,-82.84,3.46566666
Certified Oil #400491,Columbus,OH,39.99226,-82.991882,3.20233333
Flying J Dealer #893,Avoca,IA,41.4768,-95.3509,3.659
BP-GIANT OIL #440,Burbank,OH,40.9637,-81.9958,3.23233333
PILOT TRAVEL CENTER #211,Lake Havasu City,AZ,34.4864,-114.281625,3.849
LOVES TRAVEL STOP #372,Ontario,OR,44.0416,-116.9783,3.689
Shell,Minooka,IL,41.4615,-88.2786,3.149
Sun Gas,Middletown,DE,39.4815,-75.6832,2.999
SPEEDWAY #9394,Lexington,KY,38.029579,-84.484936,3.129
PILOT TRAVEL CENTER #417,Temple,GA,33.7677,-85.0133,3.389
LOVES TRAVEL STOP #295,Chouteau,OK,36.1669,-95.3416,3.29066666
PILOT TRAVEL CENTERS #442,Hayti,MO,36.2337,-89.7495,3.25566666
PETRO STOPPING CENTER #328,Jackson,MS,32.308267,-90.183811,3.109
LUFKIN TRAVEL PLAZA,Lufkin,TX,31.3192,-94.70748,2.81566666
7-ELEVEN #40363,Palatka,FL,29.65315,-81.64855,3.364
ROAD RANGER #209,Oakdale,WI,43.9715,-90.3612,3.234
ROAD RANGER #206,Winnebago,IL,42.2727,-89.2373,3.219
KELLEYS MARKET,Rockford,IL,42.284764,-89.089664,2.969
SPEEDWAY #8876,Whitmore Lake,MI,42.4289,-83.7828,3.499
QUIKTRIP #7224,West Monroe,LA,32.493033,-92.1736,2.89233333
QUIKTRIP #7249,Flowood,MS,32.3299,-90.0915,2.91566666
SHOP RITE #85,Rayne,LA,30.2349,-92.2685,3.149
Regal Truck Stop,New Albany,MS,34.4851,-89.0031,3.249
PILOT TRAVEL CENTER #75,Satsuma,AL,30.8516,-88.0533,3.195
U STOP #38,Junction City,KS,39.0299,-96.8396,3.35566666
PILOT TRAVEL CENTER #279,Rio Rico,AZ,31.5084,-111.0757,3.614
PILOT TRAVEL CENTER #41,Mount Sterling,KY,38.0548,-83.9388,3.759
TA TAMPA TRAVEL CENTER,Seffner,FL,27.9321,-82.36255,3.39566666
COLTS QUICK DRAW,Greenbrier,AR,35.2295,-92.3578,3.30733333
RACETRAC #2604,Mcdonough,GA,33.4639,-84.1047,3.199
ONE TRIP,Homerville,GA,31.0509,-82.7613,3.44233333
RACETRAC #2592,Athens,GA,33.95448,-83.38565,3.31233333
CASEYS #3292,Independence,IA,42.4674,-91.8803,3.599
FLYING J TRAVEL PLAZA #760,Cokeville,WY,42.058,-110.9164,3.899
Quiktrip #7153,Olive Branch,MS,34.9441,-89.8544,2.91566666
CIRCLE K #2723875,Jamestown,SC,33.2221,-79.6282,2.974
PILOT #4579,Saint Matthews,SC,33.6967,-80.8678,3.509
One9 #1248,Wilmer,TX,32.5981,-96.6838,2.75566666
WESTERN TRAVEL TERMINAL,Torrington,WY,42.0624,-104.1917,3.399
CORNER EXPRESS,Wellston,MI,44.2133,-85.9555,3.499
ALLTOWN MARKETS-FLYING J #896,Bow,NH,43.1388,-71.5448,4.099
RIVER HEIGHTS GROCERY,Crump,TN,35.2191,-88.3192,3.099
PARAMOUNT TRAVEL PLAZA,Prescott,AR,33.804,-93.3725,3.379
LOVES TRAVEL STOP #379,Lee,FL,30.3979,-83.2844,3.789
PILOT TRAVEL CENTERS #261,Winona,MS,33.4858,-89.7277,3.499
MILLER MART #40,Newport News,VA,37.11892,-76.50235,3.30566666
DEWITT TRAVEL MART,De Witt,IA,41.8267,-90.5237,3.599
WIXOM FUEL STOP,Wixom,MI,42.534,-83.5285,3.999
Thorntons #155,Louisville,KY,38.208448,-85.696306,2.90566666
SPEEDWAY #4214,Milwaukee,WI,43.049795,-87.952922,3.36566666
MAVERIK COUNTRY STORE #625,North Salt Lake,UT,40.8446,-111.9191,3.44233333
ROAD RUNNER TRAVEL CENTER,Robstown,TX,27.7984,-97.6995,3.349
SPEEDWAY #7163,Jackson,TN,35.623783,-88.834483,3.349
MAVERIK COUNTRY STORE #681,West Wendover,NV,40.7391,-114.0733,3.38566666
PILOT TRAVEL CENTERS #309,Caldwell,OH,39.7467,-81.5153,3.65233333
LOVES TRAVEL STOP #243,Iowa,LA,30.2219,-93.0259,3.58733333
CIRCLE K #2723472,Kinston,NC,35.266525,-77.60505,3.319
U STOP 33,Beatrice,NE,40.2705,-96.7435,3.399
CIRCLE K #2723478,Blairs,VA,36.6799,-79.3731,3.439
SHELL,Chester,VA,37.3452,-77.3771,3.20233333
QUIKTRIP #1120,Gaffney,SC,35.052567,-81.669033,3.19066666
PILOT TRAVEL CENTERS #440,Pendleton,KY,38.4809,-85.317,3.759
LOVES TRAVEL STOP #735,Calhoun,GA,34.49955,-84.9428,3.279
PILOT TRAVEL CENTERS #196,Roland,OK,35.4538,-94.5291,3.739
BUFFALO RANCH,Afton,OK,36.6296,-94.9432,3.099
HOUMA COTEAU TRAVEL PLAZA,Houma,LA,29.595025,-90.7232,3.06233333
KWIK TRIP #681,Saint Michael,MN,45.2064,-93.6593,3.29733333
MINIT MART #600643,Manteno,IL,41.2514,-87.8468,3.249
Flying J Travel Plaza #644,La Salle,IL,41.3442,-89.0955,3.299
LOVES TRAVEL STOP #288,Fairfield,TX,31.7361,-96.1572,3.429
BIG DADDYS TRUCKSTOP,Ottawa Lake,MI,41.7683,-83.6856,3.499
HOP-IN FOOD STORES,New Deal,TX,33.7296,-101.8355,2.92566666
PILOT TRAVEL CENTERS #443,Higginsville,MO,39.0705,-93.7133,3.23566666
FLYING J FUEL STOP #572,Williams,IA,42.4883,-93.5449,3.699
QUIKTRIP #179,Liberty,MO,39.2461,-94.4191,2.999
KWIK TRIP #1276,South Beloit,IL,42.4837,-89.0298,3.299
KWIK TRIP #403,Owatonna,MN,44.0805,-93.2191,3.499
KWIK TRIP #1169,Saint Paul,MN,44.959586,-93.101595,3.51566666
LOVES TRAVEL STOP #690,Circleville,OH,39.5988,-82.93,3.789
CLARK OIL #31,Biloxi,MS,30.422717,-88.950083,2.849
PILOT TRAVEL CENTERS #412,White Pine,TN,36.0776,-83.2998,3.699
CIRCLE K #2741564,Waco,TX,31.554531,-97.162744,2.889
HUTCH'S #113,Woodward,OK,36.4854,-99.35115,2.999
PILOT TRAVEL CENTERS #157,Sulphur Springs,TX,33.13645,-95.59665,3.309
TOOT N TOTUM #130,Clayton,NM,36.4414,-103.1888,3.199
PETRO GLADE SPRING #372,Glade Spring,VA,36.7779,-81.7676,3.58733333
LOVES TRAVEL STOP #204,Eufaula,OK,35.2911,-95.6472,3.689
KOUNTRY XPRESS,Mulberry,AR,35.5172,-93.9885,3.27233333
CIRCLE K #2723654,Boaz,AL,34.1679,-86.17105,3.519
QUIKTRIP #7171,Calera,AL,33.1098,-86.756,2.999
Double Bees #109,Carlisle,AR,34.7933,-91.7459,3.139
MAGNOLIA TRAVEL CENTER,Magnolia,AR,33.25365,-93.2346,3.599
71 EXPRESS,Mansfield,AR,35.0432,-94.2204,3.33233333
DK #13903,Texarkana,AR,33.431,-93.8765,3.04066666
PILOT TRAVEL CENTER #180,Bellemont,AZ,35.2381,-111.8335,3.609
E-Z MART #4437,Boles,AR,34.7654,-94.0629,3.299
LOVES TRAVEL STOP #460,Benson,AZ,31.9883,-110.2941,3.279
LOVES TRAVEL STOP #722,Mayer,AZ,34.3655,-112.1296,3.68066666
Alta Convenience Store #6317,Fruita,CO,39.1637,-108.7218,3.399
Mobil,Kissimmee,FL,28.268622,-81.447044,3.449
KWIK SERV #17,Chatsworth,GA,34.7589,-84.7943,3.499
QUIKTRIP #737,Jefferson,GA,34.1062,-83.5708,3.119
CIRCLE M #12,Lula,GA,34.3876,-83.6663,3.539
CIRCLE K #2706708,Midland,GA,32.5616,-84.8559,3.339
Racetrac #2622,Valdosta,GA,30.842343,-83.2698,3.03233333
QUIKTRIP #7133,Dillon,SC,34.4146,-79.377,3.08233333
CUBBYS #305,Percival,IA,40.7401,-95.8093,3.694
CUBBYS #301,Red Oak,IA,41.0191,-95.19155,3.399
LENNYS FOOD N FUEL,Joliet,IL,41.51335,-88.07075,3.299
ROAD RANGER #266,New Berlin,IL,39.7681,-89.855,3.439
SUNMART FOOD STORE,Bloomington,IN,39.1726,-86.52125,3.499
SPEEDWAY #1429,Warrenville,IL,41.828,-88.1921,3.499
BUTLER ONE STOP,Butler,IN,41.4287,-84.8787,3.519
MARATHON RIVERSIDE GAS,Elkhart,IN,41.678825,-85.971125,3.499
GOOD TO GO #11,Frankfort,IN,40.3044,-86.4689,3.549
7-ELEVEN #40506,Howe,IN,41.7286,-85.4727,3.899
Gallops,Middlebury,IN,41.6754,-85.7114,3.549
Jaks Oil,Broussard,LA,30.1219,-91.9502,3.049
Petes #47,Fredonia,KS,37.5717,-95.7484,3.299
TREX MART #4,Wathena,KS,39.7625,-94.9255,2.999
SANDRAS QUICK STOP,Garnett,KS,38.2859,-95.2594,3.319
LEON GROCERY,Leon,KS,37.6813,-96.7526,3.399
PETES #53,Severy,KS,37.617,-96.2252,3.249
SHELL,Morgantown,KY,37.2002,-86.6859,3.799
LEEBOS # 9,Alexandria,LA,31.2601,-92.483771,3.21566666
TALL TIMBERS TRUCK STOP,Amite,LA,30.7266,-90.509,2.999
DELCAMBRE FUEL DEPOT,Delcambre,LA,29.9474,-91.9889,2.999
SUNSHINE SUPER STOP TRUCKS,Convent,LA,30.0208,-90.8298,3.399
STATE OIL,Belle Chasse,LA,29.8447,-89.9974,3.43233333
Cash Magic CITGO LAROSE,Larose,LA,29.5724,-90.3817,3.399
WESTWOOD TRUCK PLAZA,Marrero,LA,29.8796,-90.10545,3.279
CM SPRINGHILL,Springhill,LA,33.0005,-93.4596,3.399
CM VIVIAN,Vivian,LA,32.8423,-93.9504,3.26566666
XTRA MART #10098,Uxbridge,MA,42.0744,-71.6329,3.649
Mobil,North Oxford,MA,42.1655,-71.886,3.58233333
301 BP,Brandywine,MD,38.6922,-76.832,3.259
EZ MART #110,Alma,MI,43.3809,-84.6635,3.649
SPEEDWAY #8797,Lennon,MI,42.9693,-83.9279,3.379
RPF OIL #92 PARMA TRAVEL CENTER,Parma,MI,42.2739,-84.5999,3.499
SHEETZ #837,Romulus,MI,42.2223,-83.3966,3.099
SAHARA PETRO,Warren,MI,42.492571,-83.024129,3.699
Circle K 2746398,Little Falls,MN,45.9811,-94.3604,3.399
KWIK TRIP #937,Willmar,MN,45.1393,-95.0523,3.34066666
D DIAMOND TRAVEL PLAZA,Fair Grove,MO,37.3721,-93.1428,3.13233333
RAPID ROBERTS #123,Springfield,MO,37.215575,-93.302606,2.899
GRAND LEDGE,Grand Ledge,MI,42.7529,-84.7373,3.789
HOLIDAY STATIONSTORE #2746185,Wakefield,MI,46.4752,-89.9424,3.139
CASEYS #3471,Cohasset,MN,47.2691,-93.6392,3.449
4 MILE TRUCKSTOP,Lucedale,MS,30.8668,-88.649,3.399
SPEEDWAY #6972,Durham,NC,36.020494,-78.890931,3.799
SPEEDWAY #8228,Creedmoor,NC,36.1224,-78.6861,3.999
FILL GOOD BP #15,Monroe,NC,34.974533,-80.549967,3.399
7-ELEVEN #37392,Londonderry,NH,42.8656,-71.3772,3.799
LUCKY 7,Wade,NC,35.1606,-78.7249,2.999
CIRCLE K #2723130,Warsaw,NC,35.018,-78.031,2.87566666
CUBBYS #108,Greenwood,NE,40.9706,-96.4258,3.399
FAT DOGS LINCOLN TC,Lincoln,NE,40.817555,-96.688931,3.099
SUNOCO- JOYCE KILMER PLAZA #7012,East Brunswick,NJ,40.4284,-74.4064,3.899
US GAS & DIESEL,Ridgefield,NJ,40.8326,-74.0015,3.229
SUNOCO- THOMAS EDISON PLAZA #7013,Woodbridge,NJ,40.556,-74.2845,3.899
MAVERIK #740,Las Vegas,NM,35.5949,-105.2272,3.16233333
POCO SHOP #2,Saint Pauls,NC,34.801,-78.9731,3.799
SUNOCO WOODROW WILSON PLAZA #7010,Trenton,NJ,40.253478,-74.716796,3.899
ENRITE,South Plainfield,NJ,40.5839,-74.4147,3.999
ALLSUPS CONVENIENCE STORE #2285,Carlsbad,NM,32.37695,-104.2666,3.194
STRIPES 7FLEET #42588,Tatum,NM,33.26,-103.314,3.66233333
DANDY MINI MART #31,Cayuta,NY,42.2774,-76.6974,4.399
PILOT TRAVEL CENTERS #494,Schenectady,NY,42.8133,-73.948145,3.999
BELL STORES #49,Akron,OH,41.079385,-81.528452,3.499
7-ELEVEN #40295,Broadview Heights,OH,41.3141,-81.6731,3.52733333
GO MART FOOD STORE #116,Coolville,OH,39.2141,-81.8329,3.35733333
74 FUEL STOP,Harrison,OH,39.2592,-84.7837,3.859
PENNZMART FUEL EXPRESS,Tiffin,OH,41.1238,-83.1844,3.4315
KFC TRAVELMART,Upper Sandusky,OH,40.8249,-83.2977,3.249
Allsups Convenience #2420,Altus,OK,34.64325,-99.32725,2.979
CHOCTAW NATION DURANT WEST #632,Calera,OK,33.9322,-96.4308,3.089
Phillips 66,Okmulgee,OK,35.6288,-95.9697,2.989
CASEYS #4594,Waurika,OK,34.1745,-97.9973,3.07733333
ASAP GENERAL STORE #101,Weatherford,OK,35.535,-98.6996,3.13233333
PENN JERSEY DIESEL & TRAILER,Bensalem,PA,40.1109,-74.9378,4.199
RUTTERS #53,Etters,PA,40.1545,-76.8019,3.999
7-ELEVEN #40279,King Of Prussia,PA,40.0956,-75.3737,3.884
ONVO TRAVEL PLAZA - HICKORY RUN,White Haven,PA,41.079,-75.7715,3.58566666
CIRCLE K #2703099,Batesburg,SC,33.8702,-81.5505,3.08566666
REFUEL #1046,Bishopville,SC,34.2241,-80.275,3.309
HOT SPOT #6004,Enoree,SC,34.671,-81.9237,3.099
CORNER MART #354,Newberry,SC,34.2847,-81.6157,3.299
CIRCLE K #2720881,Ravenel,SC,32.7881,-80.2223,3.439
CIRCLE K #2723416,Roebuck,SC,34.8688,-81.9526,3.08233333
HILLVIEW TRUCK STOP,Leesville,SC,33.9132,-81.4598,3.059
CIRCLE K #2723876,Round O,SC,32.9405,-80.5739,3.37233333
JAKES CORNER,Winfred,SD,43.9972,-97.3623,3.049
RACEWAY #7002,Carthage,TX,32.1544,-94.3527,2.82066666
Allsup's Marketplace #2411,Hawley,TX,32.6423,-99.9239,2.889
PILOT TRAVEL CENTERS #256,Danville,VA,36.597467,-79.4215,4.009
CHEVRON #383461,Fort Stockton,TX,30.8908,-102.8799,3.029
CEFCO #34,Hamilton,TX,31.6781,-98.1131,3.029
CEFCO #2001,Iowa Park,TX,33.9423,-98.6745,2.864
KOSSE COUNTRY STORE,Kosse,TX,31.3147,-96.6195,3.11566666
ALLSUPS CONVENIENCE #2056,Memphis,TX,34.7122,-100.5347,2.929
Main Street Market,Prairie Hill,TX,31.6591,-96.8094,2.899
CIRCLE K #2741527,Premont,TX,27.3544,-98.133,2.999
Valero,Timpson,TX,31.8841,-94.3967,3.059
TXB #17 DBA KWIK CHEK FOOD STORES,Trenton,TX,33.4235,-96.3398,3.299
Chevron,Vidor,TX,30.1409,-94.00815,2.749
MAVERIK COUNTRY STORE #676,Tremonton,UT,41.7016,-112.1813,3.444
PILOT TRAVEL CENTER #4622,South Boston,VA,36.6963,-78.9188,4.009
PILOT TRUCK STOP #583,Ferndale,WA,48.8625,-122.5953,4.559
KWIK TRIP #413,Arcadia,WI,44.2539,-91.4805,3.31566666
KWIK TRIP #621,Bonduel,WI,44.6992,-88.4543,3.45733333
ROYAL FARMS #79,New Church,VA,37.9525,-75.5112,3.339
QUARLES #4304,Waynesboro,VA,38.0774,-78.9035,3.799
KWIK TRIP #202,Plover,WI,44.4507,-89.5428,3.26566666
SIGNAL FOOD STORE #108,Mountain View,MO,36.9892,-91.7099,3.03233333
LOVES TRAVEL STOP #308,Marion,NC,35.6819,-82.018,3.739
LOVES TRAVEL STOP #208,Canton,MS,32.6205,-90.0061,3.489
CEFCO #435,Loxley,AL,30.618,-87.7562,3.02566666
GREENWAY STORE #614,Fairburn,GA,33.5648,-84.5809,3.199
LOVES TRAVEL STOP #606,South Holland,IL,41.5979,-87.5938,3.329
QUICK FUEL #2801,Lenexa,KS,38.9536,-94.7336,3.369
QUICK FUEL #1704,Lincoln Park,MI,42.2422,-83.1807,3.619
QUICK FUEL #1702,Livonia,MI,42.38398,-83.36222,3.799
QUICK FUEL #2401,Bridgeton,MO,38.7506,-90.4161,3.094
QUICK FUEL #1150,Madison,WI,43.0724,-89.402326,3.57566666
KWIK TRIP #499,New Berlin,WI,42.9781,-88.12495,3.49066666
ONVO TRAVEL PLAZA,Mountain Top,PA,41.135,-75.9376,3.58733333
LOVES TRAVEL STOP #222,Richmond,IN,39.83065,-84.8919,3.949
CHOCTAW TRAVEL PLAZA #635,Broken Bow,OK,34.027,-94.7623,2.999
SKY CITY TRAVEL CENTER,Pueblo Of Acoma,NM,34.8964,-107.5817,3.28066666
SPEEDWAY #7111,Hurricane Mills,TN,35.924,-87.8105,3.03233333
Raceway #7007,Shelby,NC,35.2911,-81.542033,3.249
SHELL,Haslet,TX,32.9557,-97.3372,2.89066666
CIRCLE K #4707045,Biddeford,ME,43.4758,-70.4968,3.95733333
Maverik Country Store #652,Jerome,ID,42.7178,-114.5012,3.394
HOBO PANTRY #24,Brundidge,AL,31.7013,-85.8177,3.599
GRUB MART #13,Centre,AL,34.1116,-85.6092,3.349
FACKLER TEXACO TRUCK STOP,Fackler,AL,34.8259,-85.9846,3.199
LOVES TRAVEL STOP #624,Mobile,AL,30.680032,-88.1215,3.20566666
CIRCLE K #2723730,Northport,AL,33.2996,-87.5789,3.399
MARATHON,Phenix City,AL,32.465225,-85.0619,3.249
SNEAD SHELL,Altoona,AL,34.071,-86.2096,3.109
PONY EXPRESS TRAVEL PLAZA #6,Cabot,AR,34.9457,-92.0318,3.499
Caseys #4552,Clarksville,AR,35.4908,-93.4911,3.244
KINGS RIVER COUNTRY STORE,Huntsville,AR,36.1043,-93.7279,3.26566666
SHELL,Osceola,AR,35.7019,-89.9798,2.999
HOOKS,East Dublin,GA,32.5482,-82.8718,3.399
Fast Stop,Saint Gabriel,LA,30.2528,-91.0857,3.699
ONE9 #7937,Mc Leansville,NC,36.1163,-79.6684,3.399
KWIK TRIP #396,Waukesha,WI,42.99385,-88.254475,3.399
CIRCLE K #4701424,Morton,IL,40.6148,-89.4604,3.599
SUNOCO TRUCK STOP,Spiceland,IN,39.8271,-85.445,3.399
WESTVILLE TRUCKSTOP,Westville,IN,41.5365,-86.9013,3.58566666
ZANCO SHELL,Plainfield,CT,41.6775,-71.922,4.399
AINSWORTH FOUR CORNERS,Ainsworth,IA,41.3202,-91.5472,3.109
PILOT TRAVEL CENTERS #118,Benton,AR,34.5742,-92.6155,3.199
CIRCLE K #2721571,Brewton,AL,31.1173,-87.08415,3.399
CIRCLE K #2709067,Prattville,AL,32.4714,-86.4576,3.499
CUZZS,Thomasville,AL,31.9067,-87.7598,3.53233333
CIRCLE K #2706697,Valley,AL,32.69475,-85.26195,3.399
FLASH MARKET #17049,Brinkley,AR,34.8781,-91.1886,3.179
CASHS #4470,Dumas,AR,33.8921,-91.4861,3.209
TOBOS TRAVEL CENTER,Fayetteville,AR,36.075375,-94.197925,3.349
LOVES TRAVEL STOP #347,Boonville,MO,38.9536,-92.745,3.509
CORNER MARKET #62,Meeker,CO,40.0387,-107.8925,3.729
4 POINTS MARKET,Boynton Beach,FL,26.525844,-80.108111,3.229
SUNSTOP #347,Branford,FL,29.9395,-82.8993,3.699
RACETRAC #2587,Brooksville,FL,28.542129,-82.430657,3.299
CIRCLE K #2721297,Middleburg,FL,30.07645,-81.86245,3.399
RIVIERA TRUCKSTOP,West Palm Beach,FL,26.712112,-80.097435,3.779
GAS N GO,Americus,GA,32.06185,-84.2564,3.299
BUENA VISTA GAS N GO,Buena Vista,GA,32.2542,-84.4898,3.299
Mr Pips,Donalsonville,GA,31.0505,-84.8801,3.199
EXIT 10 AUTO AND TRUCK STOP,Fortson,GA,32.6288,-85.0017,3.399
CIRCLE K #2745072,Lumber City,GA,31.9251,-82.7073,3.529
QWICKSERV,Moultrie,GA,31.1458,-83.7462,3.599
GAS PRO TRAVEL CENTER,Statesboro,GA,32.438925,-81.76245,3.129
KUM & GO #1056,Bevington,IA,41.363,-93.7928,3.099
CHARITON FOOD SHOP,Chariton,IA,41.0226,-93.3042,3.369
218 FUEL EXPRESS,Floyd,IA,43.143,-92.724,3.489
FT MADISON FAST BREAK,Fort Madison,IA,40.633,-91.3398,3.399
MEDIAPOLIS FAST BREAK,Mediapolis,IA,41.0059,-91.1321,3.349
STEWART ROAD FAST BREAK,Muscatine,IA,41.4304,-91.0509,3.299
OSCEOLA TRAVEL PLAZA,Osceola,IA,41.0295,-93.7712,3.31233333
CASEYS #2598,Pella,IA,41.4082,-92.9172,3.199
KUM & GO #0080,Riverside,IA,41.4758,-91.5741,3.09733333
Kwik Star#1012,Spirit Lake,IA,43.4262,-95.1123,3.299
SPARKYS ONE STOP #16,Storm Lake,IA,42.6474,-95.1961,3.23233333
KUM & GO #1046,Walnut,IA,41.4623,-95.218,3.109
WEVER JUNCTION,Wever,IA,40.7067,-91.2268,3.399
COUNCIL FOOD AND FUEL,Council,ID,44.7628,-116.4518,3.589
NOMNOM #21,Grangeville,ID,45.9272,-116.1076,3.90733333
JACKSONS FOOD STORE #3,Wilder,ID,43.6579,-116.9122,3.579
DOWNS TRAVEL MART,Downs,IL,40.3989,-88.8686,3.499
FREEDOM OIL #77,Goodfield,IL,40.6329,-89.2727,3.659
Circle K #4701331,Macomb,IL,40.4617,-90.6787,3.499
Martinsville Food and Fuel,Martinsville,IL,39.3174,-87.8707,3.489
SPEEDWAY #1432,Willow Springs,IL,41.7364,-87.8786,3.859
THORNDALE SHELL,Wood Dale,IL,41.95735,-87.95935,3.459
MCCLURE OIL #66,Decatur,IN,40.8273,-84.9314,3.699
FAMILY EXPRESS #27 (DISCOUNT AVAILABLE),Medaryville,IN,41.0897,-86.8808,3.649
MORNING STAR AUTO TRUCK PLAZA,Waterloo,IN,41.4402,-85.0221,3.699
PETES #36,Iola,KS,37.9245,-95.4,3.20566666
CASEYS #2957,Hiawatha,KS,39.7914,-95.6004,3.15066666
AMPRIDE,Johnson,KS,37.5694,-101.7194,3.399
SAC AND FOX TRUCK STOP,Powhattan,KS,39.7177,-95.6751,2.984
FLINT HILLS ONE STOP,Strong City,KS,38.4129,-96.5172,2.919
U PUMP IT,Sublette,KS,37.5221,-100.8208,3.679
ALLSTAR FOOD MART,Campbellsville,KY,37.34225,-85.3406,3.159
DOUBLE KWIK MARKET #1044,Isom,KY,37.1932,-82.8754,3.749
DOUBLE KWIK MARKET #1062,Nicholasville,KY,37.8735,-84.57205,3.499
LAKE COUNTRY OUTDOORS,Russell Springs,KY,37.0551,-85.0375,3.199
E Z STOP,Willisburg,KY,37.8373,-85.1362,3.379
SHELL,Westwego,LA,29.90165,-90.1728,3.06566666
CM BAYOU VISTA,Morgan City,LA,29.69615,-91.26235,3.399
QUIKTRIP #7223,Bossier City,LA,32.56042,-93.66612,2.89233333
GOLDEN GROVE TRUCK PLAZA,Gramercy,LA,30.0527,-90.6902,3.419
BIG WHEELS TRAVEL CENTER,Gray,LA,29.6903,-90.7807,3.499
Y NOT STOP MANSURA,Mansura,LA,31.0615,-92.0543,3.399
Hwy 31 Truck Stop,Saint Martinville,LA,30.2237,-91.7794,3.329
CM RACELAND,Raceland,LA,29.7178,-90.5999,3.299
BIG RIVER #18,Saint Rose,LA,29.9581,-90.3124,3.099
STARKS TRUCK STOP,Starks,LA,30.3085,-93.6615,3.599
CASH MAGIC THIBODAUX,Thibodaux,LA,29.799433,-90.816467,3.399
WAVERLY TRUCKSTOP,Delhi,LA,32.3929,-91.4714,2.964
Irving,Westminster,MA,42.5471,-71.9101,3.749
AC & T BIG POOL,Big Pool,MD,39.6457,-78.0104,3.659
HURLOCK CITGO,Hurlock,MD,38.6438,-75.863,3.259
SUNOCO,Newburg,MD,38.3298,-76.9175,3.379
CIRCLE K #4707056,Auburn,ME,44.162933,-70.239333,3.899
CIRCLE K #4707004,Medway,ME,45.607,-68.5227,3.50233333
CIRCLE K #4707017,Portland,ME,43.666022,-70.256833,3.74233333
SUNOCO,Riverview,MI,42.1782,-83.2461,3.639
BEACON & BRIDGE #19,Cadillac,MI,44.2504,-85.43,3.239
FRED MOORE BP,Casco,MI,42.7674,-82.6728,4.099
Circle K #2746528,Champion,MI,46.4685,-87.8306,3.819
BP,Dearborn,MI,42.29185,-83.19695,3.199
PICKLEMANS ONE STOP-ZEPHYR,Newberry,MI,46.3438,-85.515,3.699
NORTHWIND TRAVEL CENTER,Reed City,MI,43.8868,-85.513,3.499
BP TRAVEL CENTER AND TRUCK PLAZA,Belleville,MI,42.19985,-83.4853,4.199
PITSTOP MOBIL MART,Wyoming,MI,42.90555,-85.71195,3.549
PILOT TRAVEL CENTERS #590,Alexandria,MN,45.8817,-95.382,3.46566666
CIRCLE K #3819,Clara City,MN,44.9639,-95.3499,3.33233333
HOLIDAY STATIONSTORE #2746422,Duluth,MN,46.7864,-92.126557,3.499
KWIK TRIP #619,Kasson,MN,44.024,-92.7464,3.549
HOLIDAY STATIONSTORE #2746376,Circle Pines,MN,45.1528,-93.144,3.549
7Fleet #46516,Waite Park,MN,45.55345,-94.22435,3.459
AMERIMART # 11,Jackson,MO,37.3879,-89.6519,3.299
SIGNAL FOOD STORE #110,Mansfield,MO,37.1273,-92.5936,3.02566666
KUM & GO #0497,Republic,MO,37.123,-93.48,3.079
WILD BILLS TRAVEL CENTER,Ridgedale,MO,36.5247,-93.2778,3.199
TREX MART #11,Savannah,MO,39.9168,-94.8267,2.999
GAS MART,Byhalia,MS,34.8854,-89.6763,2.97233333
CIRCLE K #2723396,Collins,MS,31.6707,-89.5438,3.879
CIRCLE K #2723401,Columbia,MS,31.2559,-89.7998,3.33233333
SINGH PETRO,Ellisville,MS,31.5797,-89.2231,3.059
CIRCLE K #2723437,Florence,MS,32.1535,-90.1312,2.89566666
SHELL GAS MART,Mathiston,MS,33.5415,-89.1275,3.36566666
CIRCLE K #2723390,New Augusta,MS,31.2026,-89.0367,3.199
NEWTON CROSSING,Newton,MS,32.3244,-89.184,3.249
CEFCO #544,Terry,MS,32.1147,-90.3241,2.899
SHELL EXPRESS MART,Water Valley,MS,34.1525,-89.638,3.06566666
COUNTRY MART,Bethel,NC,35.7909,-77.3748,3.00733333
CIRCLE K #2706788,Goldsboro,NC,35.36434,-78.01684,3.39233333
DOBBS PLACE,Lumberton,NC,34.635567,-79.0437,3.159
CIRCLE K #2723473,Morehead City,NC,34.7253,-76.7531,3.649
SPEEDWAY #8277,New Bern,NC,35.10926,-77.05796,3.26566666
SPEEDWAY #6964,Oak City,NC,35.9597,-77.3004,3.19733333
CENEX C STORE,Rugby,ND,48.2545,-99.9899,3.399
HEBRON SINCLAIR,Hebron,NE,40.1728,-97.6052,3.284
CUBBYS #2107,Laurel,NE,42.427,-97.0874,3.139
AM ENERGY,Overton,NE,40.7519,-99.5278,2.899
SHOEMAKERS SOUTH,Roca,NE,40.6702,-96.6391,3.349
ESSENTIAL FUEL #3,Scottsbluff,NE,41.8693,-103.66455,3.599
CUBBYS #117,Syracuse,NE,40.6614,-96.1824,3.319
TRAILS WEST SINCLAIR,Trenton,NE,40.1681,-101.0201,3.499
PRIME STOP,Wayne,NE,42.2304,-97.0186,3.244
CIRCLE K #4707206,Epping,NH,43.0411,-71.0764,3.76733333
SUNOCO,East Rutherford,NJ,40.8385,-74.1041,3.19233333
Edison Fuel Stop,Edison,NJ,40.51558,-74.3863,3.159
Union 76,Richwood,NJ,39.7206,-75.1681,3.399
PHILLIPS 66,Clementon,NJ,39.8036,-75.0058,3.199
LEDGEWOOD BP,Ledgewood,NJ,40.878,-74.6554,3.299
THIND TRAVEL PLAZA,North Bergen,NJ,40.7939,-74.0258,3.259
UTE MOUNTAIN TRAVEL CENTER,Towaoc,CO,37.2084,-108.72,3.45733333
BETTY ROSS TRUCK STOP /BP,Pennsauken,NJ,39.9723,-75.0607,3.329
RIGGINS TRUCK PLAZA,Vineland,NJ,39.477833,-75.000033,3.269
ROAD RUNNER TRAVEL CENTER,Lemitar,NM,34.156,-106.9044,3.299
BLACK MESA TRAVEL CENTER,Algodones,NM,35.389,-106.3517,3.269
CHEVRON #381125,Hawthorne,NV,38.5347,-118.6411,4.079
MIRABITO #74,Harpursville,NY,42.1823,-75.6545,4.659
M AND M ALLEGANY JUNCTION,Limestone,NY,42.0639,-78.632,3.129
BETTY BEAVERS TRUCKSTOP,Otego,NY,42.4133,-75.2079,3.819
MAPLEFIELDS,Peru,NY,44.5851,-73.5293,3.799
CIRCLE K #4707622,Seneca Falls,NY,42.9094,-76.7925,3.999
Friendly Express,Ashland,OH,40.8559,-82.3189,3.199
QUICK FUEL #2306,Brookpark,OH,41.3979,-81.8118,3.669
NORTHSIDE FUEL STOP,Bucyrus,OH,40.8103,-82.9698,3.50733333
SPEEDWAY #9314,Massillon,OH,40.806433,-81.472967,3.48233333
BARNEYS CONVENIENCE MART #15,Rossford,OH,41.6049,-83.5638,3.599
CIRCLE K #4705357,Ashville,OH,39.7316,-82.9446,3.089
PILOT EXPRESS #1032,Steubenville,OH,40.3611,-80.65605,3.629
TXB #24 dba Kwik Chek Food Stores,Hugo,OK,34.0113,-95.5139,2.969
GASQUATCH,Idabel,OK,33.8851,-94.802,3.10733333
Petes #15,Oologah,OK,36.4482,-95.7047,3.159
ALLSUPS #2468,Thackerville,OK,33.7882,-97.1363,2.91733333
FLYING J TRAVEL PLAZA #633,Union Point,GA,33.6345,-83.0879,3.859
KWIK FILL #239,Crescent,PA,40.5563,-80.2286,3.799
RUTTERS #17,East Berlin,PA,39.9645,-77.0073,4.294
TURKEY HILL #950324,East Earl,PA,40.1395,-76.0276,3.78566666
SAC SHOP #512,Everett,PA,40.0098,-78.3713,4.099
SHELL,Fairless Hills,PA,40.1748,-74.8519,3.899
7-ELEVEN #40284,Hershey,PA,40.2638,-76.6545,3.96733333
PILOT TRAVEL CENTERS #1,Mill Hall,PA,41.0867,-77.4836,4.01566666
LIBERTY EXXON,Liberty,PA,41.5656,-77.1195,3.699
SHEETZ #048,Nanty Glo,PA,40.4704,-78.8375,3.51733333
WELMART,Natrona Heights,PA,40.6421,-79.7273,4.19233333
T&C MINI MART,Stockertown,PA,40.754,-75.2621,3.699
A PLUS MINI MARKET,Feasterville Trevose,PA,40.1547,-74.9904,3.899
SHEETZ #683,York,PA,39.964987,-76.697,3.259
CIRCLE K #2705377,Aiken,SC,33.565667,-81.6634,3.129
SPEEDWAY/7fleet #4587,Aynor,SC,33.9823,-79.1777,3.124
CIRCLE K #2723355,North Charleston,SC,32.87774,-80.01786,3.399
HOT SPOT #2022,Honea Path,SC,34.4417,-82.4255,2.909
SPEEDWAY #2836,Johns Island,SC,32.7924,-80.1081,3.069
CIRCLE K #2723441,Prosperity,SC,34.1832,-81.5324,3.11566666
LEES QUICK STOP,Saint Stephen,SC,33.3362,-79.9236,3.41566666
ZIP TRIP #81,Lennox,SD,43.3451,-96.8821,3.204
281 TRAVEL CENTER,Wolsey,SD,44.3991,-98.4743,3.089
QUICK STOP #34,Bristol,TN,36.555967,-82.2117,3.299
Sudden Service #61,Cumberland City,TN,36.3729,-87.6306,3.564
Chevron,Fayetteville,TN,35.1527,-86.5664,3.754
CASEYS GOODSTOP #4036,Kingston,TN,35.8528,-84.4971,3.164
SPEEDWAY #7118,Smyrna,TN,35.9656,-86.5048,3.01566666
CEFCO #2089,Abilene,TX,32.44656,-99.73943,2.76566666
ALLSUPS CONVENIENCE STORE #2169,Chillicothe,TX,34.2439,-99.5157,2.89566666
ONE9 #1300,Ennis,TX,32.3334,-96.62795,2.869
ALLSUPS #2384,Friona,TX,34.6417,-102.7241,2.994
CEFCO #2004,Vernon,TX,34.15225,-99.28465,2.86066666
CIRCLE G TRUCK STOP,Gonzales,TX,29.5086,-97.4495,2.799
Stripes,Pharr,TX,26.1771,-98.187,3.16566666
CIRCLE K #2741499,Rockport,TX,28.02195,-97.0812,2.80566666
CIRCLE K #2723373,Atkins,VA,36.8665,-81.4048,3.349
XPRESS STOP,Cross Junction,VA,39.3744,-78.3081,3.33233333
7-ELEVEN #34516,Front Royal,VA,38.9268,-78.1796,3.52566666
LEESBURG CITGO,Leesburg,VA,39.113875,-77.567125,3.499
STATELINE FOOD MART #69,Pound,VA,37.0927,-82.6016,3.599
JOLLEY #136,Alburgh,VT,44.6031,-72.9527,3.539
CITGO,Brattleboro,VT,42.852525,-72.56675,3.67233333
BEAR CREEK CITGO,Bear Creek,WI,44.5348,-88.7404,3.439
EDGAR TRAVEL CENTER,Edgar,WI,44.9046,-90.0125,3.559
KWIK TRIP #921,Friendship,WI,43.9896,-89.8149,3.274
KWIK TRIP #1270,Green Bay,WI,44.492967,-88.025892,3.29066666
ADDISON STATION,Hartford,WI,43.3157,-88.3707,3.149
BP,Kewaskum,WI,43.5214,-88.1925,3.219
KWIK TRIP #628,Larsen,WI,44.1984,-88.6963,3.43233333
HI WAY HOP BP,Lomira,WI,43.5795,-88.4513,3.099
KWIK TRIP #399,Necedah,WI,44.0345,-90.06,3.249
HIGHWAY HARRY'S,New Lisbon,WI,43.8877,-90.1524,3.17233333
PLAINFIELD PLAZA,Plainfield,WI,44.2091,-89.4559,3.29066666
CASEYS #3295,Prairie Du Chien,WI,43.0426,-91.1193,3.499
TREGO TRAVEL CENTER,Trego,WI,45.9516,-91.8581,3.58233333
KWIK TRIP #1048,West Salem,WI,43.9063,-91.0893,3.31733333
KWIK TRIP #673,Windsor,WI,43.2078,-89.3418,3.254
RSTORE #4499,Wittenberg,WI,44.8232,-89.1665,3.15566666
CHANEYS SERVICE STATION,Chester,WV,40.5981,-80.5584,3.799
PAR MAR FOOD STORE #52,West Union,WV,39.2762,-80.7911,4.099
Hat Six Travel Center,Evansville,WY,42.8992,-106.1754,3.999
SOUTHSIDE TRAVEL CENTER,Thermopolis,WY,43.7758,-108.3839,3.799
SHEETZ  #760,Marengo,OH,40.3895,-82.8121,3.06566666
AM PM TRAVEL CENTER,Blythe,GA,33.2941,-82.203,3.599
QUIKTRIP #7194,Champaign,IL,40.115983,-88.2755,3.099
PILOT TRAVEL CENTERS #199,Haughton,LA,32.5507,-93.5657,3.14566666
GALLOPS,La Porte,IN,41.5492,-86.7088,3.549
VALERO,Clinton,NJ,40.6412,-74.9088,3.359
ONVO TRAVEL PLAZA - GIBSON,New Milford,PA,41.8664,-75.7171,3.589
SHEETZ #621,Statesville,NC,35.815567,-80.889033,2.849
MR FUEL DBA ONE9 #1245,Litchfield,IL,39.1793,-89.6499,3.199
CIRCLE K #4707627,Watertown,NY,43.9415,-75.90445,4.099
CUMBERLAND CORNER MART,Albany,KY,36.6857,-85.1407,3.574
MAIN ST JUNCTION,Louisville,MS,33.1058,-89.0287,3.099
CIRCLE K #2705937,Dade City,FL,28.355533,-82.236967,3.33233333
PILOT  #1105,Bunkie,LA,30.8641,-92.1466,3.21233333
BEACON & BRIDGE #13,Ithaca,MI,43.2828,-84.6088,3.649
KWIK TRIP #623,Minnesota City,MN,44.0832,-91.7418,3.399
SPEEDWAY #6967,Edenton,NC,36.0908,-76.6224,3.287
DANCING EAGLE,Casa Blanca,NM,35.0456,-107.4714,3.359
RACETRAC #2429,Irving,TX,32.849633,-96.933775,2.90066666
Fuel America Travel Center #2,Encinal,TX,28.0405,-99.3563,3.049
ZIP ZONE EXPRESS,Catlettsburg,KY,38.3799,-82.6321,3.699
CIRCLE K #2722291,Saint Augustine,FL,29.906433,-81.385533,3.379
LOVES TRAVEL STOP #221,Zanesville,OH,39.93385,-82.00865,3.48233333
PILOT TRAVEL CENTER #459,Avondale,AZ,33.4549,-112.32655,3.587
SPACE AGE TRAVEL CENTER,Hermiston,OR,45.845,-119.2849,3.33233333
LOVES TRAVEL STOP #746,Decatur,IL,39.84845,-88.964533,3.449
PLEASANT SPRINGS TRAVEL,Cottage Grove,WI,43.0784,-89.2017,3.39066666
TA EXPRESS BIGGS,Wasco,OR,45.5974,-120.7304,3.199
LOVES TRAVEL STOPS #216,Midlothian,TX,32.4757,-96.9936,3.199
PILOT TRAVEL CENTERS #130,Richfield,OH,41.2371,-81.6467,3.799
WINDMILL BP,Holland,IA,42.4011,-92.7999,3.599
TIME OUT TRAVEL CENTER,Newport,TN,35.9607,-83.1952,2.96566666
HOLIDAY STATIONSTORE #2746262,Sault Sainte Marie,MI,46.4151,-84.2854,3.799
128 NEWTON GAS,Newton Lower Falls,MA,42.3299,-71.2562,4.299
HEARTLAND XPRESS,Poplar Bluff,MO,36.73935,-90.4118,3.199
Amoco,Hartford,TN,35.8256,-83.0996,3.099
KANGAROO CROSSING,Kosciusko,MS,33.0446,-89.5724,3.199
KEYSVILLE SAV U TIME,Keysville,VA,37.0411,-78.4699,3.399
KWIK TRIP #414,Stewartville,MN,43.8555,-92.4885,3.55733333
TERRIBLE HERBST #243,Searchlight,NV,35.5132,-114.8866,3.83233333
ONVO TRAVEL PLAZA PINE GROVE,Pine Grove,PA,40.5671,-76.3269,3.539
SPEEDWAY #7269,Granite City,IL,38.7261,-90.1106,3.379
SPEEDWAY #1212,Greenwood,IN,39.6092,-86.13995,3.59733333
BECKS EXPRESS MART #14,Princeton,IL,41.3629,-89.427,3.249
SPEEDWAY #3961,Williamsville,IL,39.9542,-89.5487,3.299
CIRCLE K #2721591,Pensacola,FL,30.435191,-87.251639,3.22233333
CHOCTAW TRAVEL PLAZA #638,Poteau,OK,35.0606,-94.6096,3.299
Quiktrip #4148,Pflugerville,TX,30.44075,-97.62495,2.88233333
Amigo's,Flatonia,TX,29.7095,-97.0987,3.08233333
PILOT #6978,Candor,NC,35.2234,-79.7876,3.999
CHEVRON CURB STORE,Forest,MS,32.347,-89.4672,3.569
HENRIETTA TRUCK STOP,Henrietta,NY,43.0483,-77.6122,3.899
MOBIL,Berlin,MA,42.3844,-71.6356,3.699
LOVES TRAVEL STOP #628,Italy,TX,32.1785,-96.8823,3.10233333
CIRCLE K #2703117,Graniteville,SC,33.563,-81.8147,3.159
ROAD RANGER #236,East Troy,WI,42.8035,-88.4092,3.08233333
LOVES TRAVEL STOP #291,Richmond,KY,37.75125,-84.2951,3.599
CASEYS #3085,Aurora,NE,40.8528,-98.0201,3.099
BETTY BEAVERS TRUCKSTOP,Canajoharie,NY,42.8671,-74.5956,3.599
Hola,South Bay,FL,26.6701,-80.7312,3.419
PUMP & PANTRY #29,Central City,NE,41.1213,-98.0017,3.33733333
PUMP & PANTRY #23,Holdrege,NE,40.4475,-99.3672,3.449
CIRCLE K #4707000,Baileyville,ME,45.1035,-67.4722,3.899
GULF OIL #5045,Charlton,MA,42.1379,-71.9664,3.909
CIRCLE K #4707046,Scarborough,ME,43.58025,-70.30965,3.909
SPEEDWAY #6973,Wake Forest,NC,35.9773,-78.495,2.949
CIRCLE K #4707023,Holden,ME,44.7208,-68.6165,3.73233333
CIRCLE K #4707217,Gorham,NH,44.4048,-71.1548,3.75066666
CIRCLE K #4707208,New Hampton,NH,43.6184,-71.6435,3.659
TEXSTAR TRAVEL CENTER,Temple,TX,31.0685,-97.38024,2.91233333
One9 SPEEDWAY #6753,Fleetwood,PA,40.4473,-75.8185,3.83233333
COMPASS TRAVEL CENTER,Demotte,IN,41.1713,-87.2491,3.24233333
SPEEDWAY #6954,High Point,NC,35.999729,-79.9978,3.049
Racetrac #2608,Gadsden,AL,33.9836,-85.978417,2.999
PILOT TRAVEL CENTERS #394,Newburgh,NY,41.51185,-74.02095,4.359
JOLLEY #150,Saint Albans,VT,44.811,-73.0861,3.539
Marathon,Ellenwood,GA,33.6166,-84.2939,3.009
ABBYLAND TRUCK STOP,Curtiss,WI,44.9602,-90.4592,3.46233333
LOVES TRAVEL STOP #311,Waco,GA,33.684,-85.2197,3.39066666
One9 #254,Wildwood,GA,34.9779,-85.4305,3.099
XTRA MART #10093,Millbury,MA,42.1968,-71.7644,3.649
PILOT TRAVEL CENTERS #149,Stanton,TN,35.4482,-89.3326,3.509
KWIK TRIP #297,Menasha,WI,44.2112,-88.4175,3.49066666
KWIK TRIP #787,Schofield,WI,44.9064,-89.5818,3.41566666
PS FOOD MART #1042,Dundee,MI,41.9514,-83.6522,3.429
Gallops,Michigan City,IN,41.70075,-86.8925,3.399
ROAD RANGER #242,Saint Robert,MO,37.8283,-92.131,3.264
ROAD RANGER #211,Loves Park,IL,42.326425,-89.13625,3.469
SPEEDWAY #8772,Imlay City,MI,43.0425,-83.0708,3.779
PILOT TRAVEL CENTERS #905- TOWN PUMP,Milltown,MT,46.8737,-113.8783,3.609
PWI #172,Palmer,TX,32.4387,-96.6794,2.77566666
Hucks Travel Center #052,Kuttawa,KY,37.0619,-88.1498,3.699
GOOD 2 GO #213,Buffalo,WY,44.3485,-106.7073,3.525
SHELL,Mount Pleasant,TX,33.16505,-94.9689,3.899
7-ELEVEN #218,Harrold,TX,34.0806,-99.0323,2.68733333
ONE9 #398,Vienna,GA,32.0913,-83.7922,3.109
CASEYS #4286,Crawfordsville,IN,40.0325,-86.9074,3.56233333
PIT STOP,Wheatley,AR,34.9207,-91.1086,2.999
QUIKTRIP #7211,Little Rock,AR,34.759432,-92.344736,3.049
CIRCLE K #2723439,Campobello,SC,35.108,-82.1403,3.13233333
CASEYS #3686,Utica,IL,41.363,-89.0008,2.969
SHADY NOOK,Lyon,MS,34.2474,-90.4981,3.999
LOVES TRAVEL STOP #178,Belle Plaine,KS,37.4052,-97.2852,3.329
Circle K,Plant City,FL,28.00878,-82.13232,3.32566666
LIBERTY,Ringoes,NJ,40.4459,-74.8288,3.399
BYRNE DAIRY #14,Waterloo,NY,42.9045,-76.8755,3.999
LOVES TRAVEL STOP #319,Pittsboro,IN,39.8615,-86.4645,3.889
RAPIDES STATION TRUCK STOP,Boyce,LA,31.3216,-92.6867,3.099
CIRCLE K #2741325,Belton,TX,31.0723,-97.472,2.88566666
SUBS AND GRUBS,Jonesboro,AR,35.80614,-90.71706,3.389
BINKS TENAHA QUICK STOP,Tenaha,TX,31.9408,-94.2488,3.059
QUICK DRAW TRAVEL PLAZA,Minden,LA,32.62385,-93.2877,3.01233333
SPEEDWAY #4631,Bassett,VA,36.7534,-80.0055,3.41566666
Gas n Go,Pinehurst,GA,32.1967,-83.7209,3.099
BEBO'S,Kentwood,LA,30.8892,-90.4728,3.01566666
LOVES TRAVEL STOPS #317,Skippers,VA,36.5958,-77.5921,3.789
MAPCO #5167,Fort Payne,AL,34.4633,-85.73905,3.479
SIBLEY FOOD FUEL,Courtland,AL,34.6719,-87.3143,3.399
DUCK THRU FOOD STORE #18,Winton,NC,36.3826,-76.936,3.56233333
PILOT TRAVEL CENTER #911,Superior,MT,47.1721,-114.8885,3.559
PLAQUEMINE TRUCK STOP,Plaquemine,LA,30.27875,-91.24335,3.999
SHELL,Hensley,AR,34.5208,-92.2758,3.589
JACK FLASH,Farmersville,IL,39.4401,-89.617,3.199
CIRCLE K #4701207,Dwight,IL,41.0887,-88.4159,3.349
CITGO,Blytheville,AR,35.9273,-89.919,3.389
EZ MART #304,Middleton,MI,43.1689,-84.7552,3.699
MARATHON,Reserve,LA,30.0603,-90.5518,3.749
TEXACO #383124,Saint James,LA,30.0276,-90.8605,2.969
YESWAY #1167,Ropesville,TX,33.4575,-102.1584,3.04066666
CIRCLE K #9068,Millbrook,AL,32.4995,-86.3641,3.21566666
CREEK TRAVEL PLAZA,Atmore,AL,31.032267,-87.4928,3.13566666
FAMCO EXPRESS,Syracuse,NY,43.048096,-76.159179,3.299
SPEEDWAY #4346,Calexico,CA,32.68105,-115.50085,4.799
LOVES TRAVEL STOP #175,Tecumseh,KS,39.0217,-95.5379,3.289
LOVES TRAVEL STOP #360,Horse Cave,KY,37.1849,-85.8785,3.429
COMPASS,La Grange,IL,41.7842,-87.8689,3.549
HUCKS FOOD & FUEL #54,Farmer City,IL,40.2447,-88.6634,3.269
CIRCLE K #2707610,Milton,FL,30.641375,-87.085675,3.23233333
JENNINGS TRUCKSTOP,Jennings,LA,30.2201,-92.6574,2.999
COUNTRY BOYS COUNTRY STORE,Hankamer,TX,29.8752,-94.5938,2.86566666
ST IGNACE TRUCKSTOP,Saint Ignace,MI,45.9985,-84.6978,3.799
MARATHON #1554,Newport,MI,41.9766,-83.2804,3.299
SUNRISE STORE,West Branch,MI,44.279,-84.2286,3.199
BIGFOOT TRAVEL CENTER,Hahira,GA,30.9913,-83.3727,3.099
BP,Adel,GA,31.1251,-83.4213,2.969
BP,Luna Pier,MI,41.8146,-83.4382,3.399
SPEEDWAY #9381,Parkersburg,WV,39.24356,-81.51306,3.464
7-ELEVEN #36076,Hamptonville,NC,36.1242,-80.8137,2.899
BECKS EXPRESS MART #26,Geneseo,IL,41.4688,-90.1711,3.269
KUM & GO #0023,Neola,IA,41.4564,-95.6794,3.15733333
GEM STOP,Marsing,ID,43.5399,-116.824,3.58566666
LOVES TRAVEL STOPS #469,South Hill,VA,36.7124,-78.1534,3.949
Sunoco,Townville,SC,34.5226,-82.8963,3.199
TA EXPRESS FAIR PLAY,Fair Play,SC,34.5112,-82.9854,3.209
KWIK FILL #395,Jamestown,NY,42.0949,-79.23965,4.469
LEXINGTON GULF,Lexington,MA,42.44945,-71.2216,4.299
GULF OIL LP #5010,Lee,MA,42.299,-73.2317,3.914
Golden Gate Fillmore,Fillmore,UT,38.9805,-112.3313,3.29733333
MOAPA PAIUTE TRAVEL CENTER,Moapa,NV,36.67535,-114.6585,3.33233333
CIRCLE K #4707609,Sangerfield,NY,42.9162,-75.3545,4.099
BP,Twin City,GA,32.6129,-82.1979,3.78233333
WOODSHED LL,S Coffeyville,OK,36.9837,-95.6065,3.099
FLYING J #1086,Marion,IN,40.5551,-85.66785,3.489
COFFEE CUP FUEL STOP #7,Brandon,SD,43.5926,-96.586,2.97733333
BART INDUSTRIES,Bellows Falls,VT,43.1482,-72.4664,3.709
CASEYS #2650,Melrose,MN,45.6582,-94.8198,3.179
STOP N GO #1709,Hixton,WI,44.4038,-91.0442,3.23733333
Raceway #6986,Sumter,SC,33.910075,-80.362975,2.979
Sunoco,Croydon,PA,40.0933,-74.8991,3.659
EXIT 43 QUICK STOP,Richmond,ME,44.1042,-69.8211,3.76566666
SPEEDWAY #3589,Lake Odessa,MI,42.7863,-85.1357,3.599
C  BARN,Park Hills,MO,37.8498,-90.4885,3.049
BERKLYS TRAVEL CENTER,Round Mountain,TX,30.4429,-98.4365,3.31566666
Kent Kwik #928,Brent,AL,32.9357,-87.2114,3.099
DEERFIELD TRAVEL CENTER,Steele,MO,36.0915,-89.8346,2.97566666
ALLSUPS #2390,Merkel,TX,32.4444,-99.9924,2.87566666
CHEVRON,Bessemer,AL,33.436,-86.9837,3.099
CHOCTAW TRAVEL PLAZA #637,Heavener,OK,34.8353,-94.6185,3.299
MARATHON,Mitchell,IN,38.7426,-86.4761,3.599
CASEYS #3294,Urbana,IA,42.2365,-91.8881,3.449
SPEEDWAY #7930,Lillington,NC,35.332,-78.9212,3.759
CIRCLE K #2723686,Scottsboro,AL,34.68435,-86.0992,3.26566666
Racetrac #2618,Huntsville,AL,34.724517,-86.578767,2.95066666
HUTCH'S #118,Watonga,OK,35.8538,-98.4175,3.099
SUPERSTOP Shell,Stuttgart,AR,34.4854,-91.5487,3.41566666
Allsup Marketplace #2400,San Jon,NM,35.1198,-103.2846,3.059
Fast Stop Travel Centers #1131,Wheatland,WY,42.0495,-104.9679,3.499
Bartonville SHELL,Peoria,IL,40.725134,-89.640683,4.299
MOUNTAIN ENERGY #126,Hendersonville,NC,35.3299,-82.48875,2.84566666
THE JUNCTION,Atchison,KS,39.5594,-95.1304,3.279
TREX MART #9,Dearborn,MO,39.5172,-94.7664,2.999
ZIP TRIP #64,Brookings,SD,44.33765,-96.79105,3.399
DEANS LANE VALERO,Monmouth Junction,NJ,40.3869,-74.5558,3.14566666
CASEYS #4246,Bryant,AR,34.60135,-92.4905,3.03233333
THORNTONS #0331,Roscoe,IL,42.4217,-88.9943,3.419
LOVES TRAVEL STOP #177,El Dorado,KS,37.8226,-96.8543,3.25566666
SPEEDWAY #4589,Conway,SC,33.863867,-79.040733,3.064
SPEEDWAY #7998,Wadesboro,NC,34.9809,-80.0696,3.64566666
STRIPES #40736,Olmito,TX,26.0353,-97.5496,2.999
SPRINT MART #49,Tupelo,MS,34.23955,-88.7345,2.99233333
ALLSUPS CONVENIENCE STORE #2146,Hobbs,NM,32.7457,-103.1621,3.21233333
Clark #4667,Delta,OH,41.5577,-83.9866,3.699
GO MART,Rockbridge,OH,39.5509,-82.5626,3.499
S&G #77,Alvada,OH,41.0463,-83.377,3.259
LOVES TRAVEL STOP #169,Stroud,OK,35.7398,-96.6719,3.144
LOVES TRAVEL STOP #225,Evergreen,AL,31.458,-86.9258,3.339
Texaco #384529,Selma,AL,32.414233,-87.0197,3.299
WINFIELD TRUCK STOP,Winfield,AL,33.9303,-87.7972,3.659
Circle K #2741791,Lonoke,AR,34.7832,-91.9214,3.139
CIRCLE K #4703626,Sweetwater,TN,35.6015,-84.461,3.289
FUEL MART #645,Spencer,SD,43.7557,-97.5936,3.499
ROYAL FARMS #109,Bridgeville,DE,38.7366,-75.6088,3.259
SHELL DBA ONE9 #1403,Jasper,FL,30.5029,-82.9322,3.244
SUNSTOP #330,Jennings,FL,30.5482,-83.135,3.299
CASEYS #3449,Wapello,IA,41.207,-91.1719,3.349
Gulf,Bensenville,IL,41.95255,-87.94255,3.059
MCCLURE OIL #59,Gas City,IN,40.4879,-85.6055,3.639
MAXS #132,Murray,KY,36.6099,-88.3032,3.399
CIRCLE K #4707082,Fairfield,ME,44.6463,-69.6802,3.899
ROAD RANGER #265,Dixon,IL,41.8478,-89.4893,3.479
DENTON GOOSE CREEK,Denton,MD,38.8595,-75.8357,3.259
WILD BILL'S,Sherman,MS,34.3575,-88.8351,2.919
ROAD RANGER #186,Minonk,IL,40.8985,-89.0349,3.339
RUTTERS #96,Milroy,PA,40.7203,-77.5567,4.05066666
CIRCLE K #2706984,Kingsville,TX,27.4694,-97.8484,2.82233333
CIRCLE K #2723664,Childersburg,AL,33.2459,-86.3641,3.899
CIRCLE K #2723667,Oxford,AL,33.5815,-85.8328,2.999
Stripes,Riviera,TX,27.3217,-97.7787,3.12566666
TA WAPAKONETA TRAVEL CENTER,Wapakoneta,OH,40.569,-84.1774,3.28233333
Flyers #3214,Chandler,AZ,33.292587,-111.850238,3.35233333
SPEEDWAY #7106,Baxter,TN,36.1249,-85.6378,3.06566666
101 TRAVEL PLAZA,Cedar Grove,TN,35.8613,-88.5517,2.999
KWIK STAR #212,Maquoketa,IA,42.0778,-90.6771,3.624
STRIPES #40598,Mission,TX,26.276167,-98.332067,2.869
PILOT TRAVEL CENTERS #156,Mortons Gap,KY,37.249,-87.4615,3.629
PILOT TRAVEL CENTER #916- TOWN PUMP,Lolo,MT,46.7585,-114.1097,3.609
TA EXPRESS,Atkins,AR,35.2449,-92.9507,3.34066666
DELTA FUEL,Mifflinville,PA,41.0323,-76.308,3.36566666
PLAZAGO TRUCKSTOP,South Hutchinson,KS,38.0282,-97.9431,3.269
CASEYS #4223,Middlesboro,KY,36.6172,-83.7231,3.489
ALLSUPS CONVENIENCE STORE #2473,Bowie,TX,33.5568,-97.8373,2.899
7-ELEVEN #38855,Colonial Heights,VA,37.27,-77.4038,3.509
LOVES TRAVEL STOP #333,Fort Mill,SC,35.011425,-80.930225,3.38066666
DODGE CITY PETRO #397,Hanceville,AL,34.0516,-86.7848,3.919
CIRCLE K #4707239,Warner,NH,43.3035,-71.8353,3.93233333
CIRCLE K #4707212,Raymond,NH,43.0325,-71.1912,3.759
QUIKTRIP #973,Hutchins,TX,32.6396,-96.707,2.88233333
CASEYS #3896,Center Point,IA,42.1898,-91.7758,3.449
LOVES TRAVEL STOP #804,Monmouth,IL,40.9107,-90.6448,3.349
FRANCIS CREEK TRAVEL PLAZA,Francis Creek,WI,44.2,-87.72,3.384
QUIKTRIP #667,Rolla,MO,37.950433,-91.767633,2.98233333
DE PERE SUPER STORE,De Pere,WI,44.4388,-88.0806,3.25566666
CADOO MILLS,Caddo Mills,TX,33.0683,-96.2391,2.80066666
MAVERIK COUNTRY STORE #612,Brigham City,UT,41.5079,-112.0152,3.449
LOVES TRAVEL STOP #316,Ormond Beach,FL,29.294275,-81.0646,3.477
LOVES TRAVEL STOP #705,Providence Forge,VA,37.4418,-77.0436,3.889
CIRCLE K #4707618,East Syracuse,NY,43.0734,-76.0558,3.799
STRIPES 7FLEET #42424,Brady,TX,31.1509,-99.3372,3.599
Speedway #1221,Calvert City,KY,37.0147,-88.3811,3.449
SPEEDWAY #7176,Columbia,TN,35.61535,-87.03665,3.359
Circle K #2706617,Lakeland,FL,28.042908,-81.964385,3.25066666
FLYING J TRAVEL PLAZA #675,Wayland,MO,40.4001,-91.5842,3.30566666
LOVES TRAVEL STOP #808,Albany,GA,31.564144,-84.164589,3.789
ROAD RANGER #145,Fenton,MO,38.5699,-90.4477,3.359
CIRCLE K #4707040,Skowhegan,ME,44.7772,-69.6976,3.72566666
PILOT TRAVEL CENTERS #208,Pacific,MO,38.4922,-90.748,3.324
FLYING J TRAVEL PLAZA #641,Mccammon,ID,42.6336,-112.1758,3.749
Arco,Erskine,MN,47.6618,-96.0122,3.399
PILOT TRAVEL CENTERS #146,Castleton On Hudson,NY,42.5376,-73.7071,3.999
PILOT TRAVEL CENTERS #151,Olympia,WA,47.044973,-122.902191,4.599
ASAP GENERAL STORE #322,Hinton,OK,35.4675,-98.3313,3.13233333
KWIK STAR #1001,Newton,IA,41.6992,-93.0455,3.249
LOVES TRAVEL STOP #377,Hudson,CO,40.0606,-104.6532,3.459
FAS MART #5154,Hartford,IL,38.8278,-90.0926,3.279
PILOT TRAVEL CENTERS #81,Portersville,PA,40.9468,-80.139,4.259
VALERO,Hogansville,GA,33.1644,-84.9309,3.66566666
SPEEDWAY #7945,Swansboro,NC,34.6991,-77.135,3.699
SPEEDWAY #8189,Rocky Point,NC,34.4344,-77.9234,3.60566666
SPEEDWAY #7903,Raeford,NC,34.989,-79.2228,3.699
SPEEDWAY #8288,Plymouth,NC,35.8508,-76.7431,3.20733333
SPEEDWAY #7943,Asheboro,NC,35.720067,-79.786933,3.54233333
SPEEDWAY #8297,Chocowinity,NC,35.4814,-77.0868,3.13233333
CIRCLE K #2723033,Fayetteville,NC,35.04487,-78.90589,3.279
SPEEDWAY #7974,Midland,NC,35.2477,-80.5319,3.429
SPEEDWAY #8225,Williamston,NC,35.8212,-77.1022,3.849
SPEEDWAY/7fleet #4594,Longs,SC,33.9064,-78.7934,3.309
COLUMBUS WEST TRAVEL CENTER,Columbus,WI,43.3315,-89.0271,3.119
SPEEDWAY #1415,Kankakee,IL,41.1166,-87.8696,3.339
CIRCLE K #3912,Jasper,TN,35.097,-85.5897,2.889
MCCLURE OIL #65,Cicero,IN,40.1298,-86.0381,3.889
EASTWAY TRUCKSTOP,Somerset,KY,37.117167,-84.557733,3.599
THORNTONS #319,Channahon,IL,41.4347,-88.2138,3.249
LOVES TRAVEL STOP #383,Sparta,KY,38.7256,-84.8813,3.749
Maverik Country Store #5069,Ellsworth,IA,42.3009,-93.549,3.09566666
KUM & GO #0022,Grinnell,IA,41.7421,-92.7344,3.19733333
HOOPS TRAVEL CENTER,Coloma,WI,44.0275,-89.4943,3.18233333
Maverik Country Store #5119,Ames,IA,42.03392,-93.60986,3.08233333
CASEYS #2523,Monroe,IA,41.5222,-93.1019,3.199
PILOT TRAVEL CENTER #1219,Vandalia,IL,38.9439,-89.1041,3.699
LOVES TRAVEL STOP #358,Hamburg,PA,40.5488,-75.9874,3.85733333
FLYING J TRAVEL PLAZA #510,Scipio,UT,39.2495,-112.1064,3.689
Circle K #4705726,Carroll,OH,39.7957,-82.7084,3.24566666
LOVES TRAVEL STOP #455,Ellis,KS,38.9471,-99.5285,3.623
FAST TRACK #410,Madison,FL,30.4789,-83.39905,3.749
KWIK STAR #419,Charles City,IA,43.0683,-92.6761,3.539
KWIK STAR #428,Cresco,IA,43.363,-92.126,3.524
KWIK STAR #701,Denver,IA,42.6731,-92.3417,3.499
KWIK STAR #817,Calmar,IA,43.1974,-91.9126,3.579
KWIK TRIP #464,Rochester,MN,44.0317,-92.4639,3.54066666
KWIK TRIP #609,Rushford,MN,43.8216,-91.7536,3.499
SHELL,Blue Earth,MN,43.6394,-94.0924,3.299
KWIK TRIP #753,Eyota,MN,44.0099,-92.2648,3.61566666
KWIK TRIP #319,Spencer,WI,44.7391,-90.3114,3.47566666
KWIK TRIP #328,Blair,WI,44.2968,-91.2235,3.23733333
KWIK TRIP #337,New Richmond,WI,45.123,-92.5366,3.499
KWIK TRIP #1267,Chippewa Falls,WI,44.9369,-91.3929,3.39233333
KWIK TRIP #1121,Watertown,WI,43.2347,-88.71695,3.289
KWIK TRIP #363,Richland Center,WI,43.3661,-90.4302,3.389
KWIK TRIP #392,Ripon,WI,43.8454,-88.8424,3.39066666
KWIK TRIP #455,Ladysmith,WI,45.4719,-91.1088,3.27233333
KWIK TRIP #456,Verona,WI,42.9999,-89.5522,3.579
KWIK TRIP #476,Rice Lake,WI,45.5061,-91.7382,3.43233333
KWIK TRIP #494,Onalaska,WI,43.8974,-91.2314,3.33566666
KWIK TRIP #740,Hortonville,WI,44.3273,-88.6281,3.509
KWIK TRIP #750,La Crosse,WI,43.851767,-91.211167,3.299
KWIK TRIP #807,Brillion,WI,44.1779,-88.0833,3.36566666
KWIK TRIP #847,Wonewoc,WI,43.6285,-90.2394,3.499
RELAY STATION 3,Frierson,LA,32.245,-93.6915,3.259
SPEEDWAY #6940,Elkin,NC,36.2872,-80.8554,2.859
SPEEDWAY #7941,Jacksonville,NC,34.734533,-77.4107,3.32566666
CIRCLE K #4707512,Methuen,MA,42.728,-71.181,3.799
LOVES TRAVEL STOP #393,Mccomb,MS,31.21035,-90.4274,3.239
CIRCLE K #4707016,Princeton,ME,45.2131,-67.6008,3.88233333
CIRCLE K #4707048,Lincoln,ME,45.3508,-68.5077,3.73233333
ONVO TRAVEL PLAZA - GOULDSBORO,Gouldsboro,PA,41.2448,-75.5037,3.58566666
KWIK TRIP #330,Belle Plaine,MN,44.6139,-93.7604,3.379
PILOT TRAVEL CENTER #922- TOWN PUMP,Columbia Falls,MT,48.3534,-114.1784,3.649
CASEYS #3854,Manchester,IA,42.4834,-91.449,3.54566666
KWIK TRIP #481,Red Wing,MN,44.5528,-92.5486,3.324
LOVES TRAVEL STOP #391,Saint Paul,IN,39.4277,-85.5994,3.989
PARKERS SURRENCY #208,Surrency,GA,31.6489,-82.1982,3.58566666
RUTTERS #65,Chambersburg,PA,39.91925,-77.64695,4.399
PILOT #4597,Gordonsville,TN,36.1843,-86.0008,3.24566666
CASEY'S #4504,Dows,IA,42.661,-93.5058,3.299
STEELE SERVICE STATION,Steele,AL,33.9417,-86.2289,3.889
KWIK TRIP #367,Fox Lake,WI,43.5815,-88.9041,3.24566666
BAR-B,Gordon,TX,32.5478,-98.3632,2.93233333
KUM & GO #0187,Sherburn,MN,43.6611,-94.7269,3.18733333
KUM & GO #0615,Elk Point,SD,42.7382,-96.687,3.07233333
KWIK STAR #1165,Sibley,IA,43.4069,-95.7424,3.224
RELAY STATION,Bethany,LA,32.3662,-94.0034,3.12233333
150 QUICK STOP,Bardstown,KY,37.8083,-85.4613,3.17233333
CMS FUELING CENTER,Lapeer,MI,43.0579,-83.3332,3.899
RHODES 101 STOP #790,Scott City,MO,37.2077,-89.5181,3.424
Majors 660 Diboll Truck Plaza,Diboll,TX,31.195,-94.7729,2.83233333
LOVES TRAVEL STOP #302,Boise City,OK,36.7283,-102.5355,3.40233333
PUMP & PANTRY #13,Saint Paul,NE,41.2242,-98.444,3.30733333
CASEYS #3898,Anamosa,IA,42.1078,-91.2851,3.359
One9 #1414,Elliston,VA,37.2165,-80.2325,3.24233333
EAGLE EXPRESS,Peshtigo,WI,45.048,-87.8103,3.399
TRUCK WORLD,Conneaut,OH,41.9345,-80.5803,3.359
KWIK TRIP #1104,River Falls,WI,44.855,-92.6313,3.40566666
BP,Darien,GA,31.3826,-81.4312,3.539
SUMNER TRUCK STOP,Sumner,WA,47.13805,-122.1706,4.299
KWIK TRIP #491,Manitowoc,WI,44.1147,-87.64065,3.38233333
KWIK TRIP #757,Viroqua,WI,43.5442,-90.8939,3.359
KENOSHA TRAVEL PLAZA,Kenosha,WI,42.58268,-87.84558,3.719
CIRCLE M #43,Rabun Gap,GA,34.9576,-83.3901,3.549
ENMARKET #875,Branchville,SC,33.2628,-80.8059,3.26566666
CORNER PANTRY TRAVEL PLAZA,Hermosa,SD,43.8188,-103.206,3.299
QUIKTRIP #492,Buckeye,AZ,33.41915,-112.53125,3.369
Circle K #2745133,Waycross,GA,31.217233,-82.357,3.399
KUM & GO #0267,Tipton,IA,41.7563,-91.1362,2.98233333
Q C MART,Welton,IA,41.9081,-90.5954,3.699
ROAD RANGER #263,Ottawa,IL,41.3526,-88.8416,3.219
CASEYS #3998,Lowry City,MO,38.1404,-93.7114,3.249
TA EXPRESS HOT SPRINGS,Hot Springs,SD,43.4223,-103.4766,3.299
Meskwaki Travel Plaza,Tama,IA,41.9616,-92.58,3.234
ANTELOPE TRUCK STOP,Burns,WY,41.2003,-104.3155,3.199
GETGO #3701,East Freedom,PA,40.3282,-78.4475,4.099
STOCKTON TRAVEL CENTER,Stockton,IL,42.3492,-90.0202,3.599
XTRA MART #7025,Sutton,MA,42.1266,-71.7552,3.649
Eagle #51,Carrizo Springs,TX,28.5278,-99.8635,3.279
7-Eleven #42205,Hearne,TX,30.8669,-96.5843,3.449
KUM & GO #0137,Tiffin,IA,41.7018,-91.6773,3.099
FIRELAKE GRAND TRAVEL PLAZA,Shawnee,OK,35.336633,-96.9395,2.899
Spearville Truck Stop,Spearville,KS,37.8235,-99.737,3.46566666
CONOCO,Carteret,NJ,40.5823,-74.2313,3.499
7-ELEVEN #40396,Monroe Township,NJ,40.3192,-74.4285,3.559
SPARKYS ONE STOP #32,Carroll,IA,42.072,-94.8667,3.23233333
PILOT TRAVEL CENTERS #471,Haines City,FL,28.05855,-81.61935,3.559
7 ELEVEN #40122,Newark,DE,39.62017,-75.6645,3.459
SHEETZ #608,Shippensburg,PA,40.0514,-77.5195,3.28566666
CANDIA FIRST STOP,Candia,NH,43.0585,-71.3049,3.899
QUIKTRIP #1873,Rhome,TX,33.054,-97.4817,2.899
PACIFIC PRIDE,Morgantown,WV,39.626514,-79.958486,3.459
PILOT #4598,Niota,TN,35.5819,-84.5721,3.599
PILOT #4599,Monteagle,TN,35.2402,-85.8228,3.33566666
KWIK STAR #490,Cedar Falls,IA,42.49695,-92.3796,3.524
KWIK TRIP #622,Byron,MN,44.0373,-92.6308,3.574
KWIK TRIP #844,Lake City,MN,44.4305,-92.2838,3.549
Twice Daily Convenience Store #8046,Joelton,TN,36.329,-86.9163,3.349
7-ELEVEN #40441,West Unity,OH,41.5756,-84.4421,3.66233333
QUIKTRIP #4216,Bennett,CO,39.7589,-104.4275,3.199
LOVES TRAVEL STOP #453,Cottondale,FL,30.8004,-85.3847,3.553
KWIK TRIP #316,Hutchinson,MN,44.8946,-94.3847,3.279
KWIK TRIP #630,Chilton,WI,44.0242,-88.1827,3.36566666
54 TRUCK STOP,Mullinville,KS,37.5716,-99.4639,3.46566666
FUEL EXPRESSO 17,Ottawa,KS,38.6142,-95.2745,3.17233333
DANIEL BOONE TRAVEL CENTER,Duffield,VA,36.7114,-82.8337,3.55733333
GO MART FOOD STORE #103,Ellenboro,WV,39.2969,-81.0621,3.699
QUALITY MART #62,Jonesville,NC,36.2286,-80.787,2.859
PARKERS #31 (DISCOUNT AVAILABLE),Ellabell,GA,32.1273,-81.4983,3.03233333
CIRCLE K #2721416,Gainesville,FL,29.667653,-82.353618,3.899
CASEYS #3472,Virginia,IL,39.9512,-90.2123,3.659
LEERJAK TRAVEL CENTER,Ellsinore,MO,36.9453,-90.7485,3.409
KWIK TRIP #888,Waupaca,WI,44.3481,-89.1101,3.45733333
KWIK TRIP #463,Zumbrota,MN,44.3032,-92.6719,3.524
CEFCO #16,Godley,TX,32.4282,-97.5349,2.98233333
ALL STAR,Sabetha,KS,39.8993,-95.8113,3.499
CHEVRON DBA ONE9 #1271,Thermal,CA,33.5578,-116.1572,4.259
VALERO,White Hall,AR,34.274,-92.091,3.16566666
CASEYS #2739,Beloit,KS,39.4416,-98.1192,3.359
CASEYS #2734,Cozad,NE,40.8619,-99.9921,3.03233333
Kwik Star #1068,Story City,IA,42.1835,-93.5988,2.959
CASEYS #2792,Cedar Rapids,IA,42.037379,-91.635886,3.499
CASEYS #2956,Hesston,KS,38.136,-97.4495,3.199
CEFCO #64,Mexia,TX,31.6784,-96.4952,3.099
MOREHEAD TRUCKSTOP,Morehead,KY,38.199,-83.4436,3.599
FLORENCE TRAVEL PLAZA,Timmonsville,SC,34.1012,-79.9378,3.999
FRONTIER TRAVEL CENTER,Bowman,ND,46.1733,-103.402,3.53233333
CHEVRON,Arcadia,LA,32.5556,-92.9245,3.189
MARATHON,Casselton,ND,46.8992,-97.2138,3.31566666
SPEEDWAY #6539,Land O Lakes,FL,28.2506,-82.471133,3.49566666
SPEEDWAY #6880,Clearwater,FL,27.939723,-82.731869,3.37733333
CASEYS #3810,Volga,SD,44.3224,-96.9251,3.279
HWY 19 SCALE,Gaylord,MN,44.5463,-94.1955,3.46566666
SUNSTOP #622,Hartford,AL,31.086,-85.7192,3.599
J AND D COUNTRYSIDE MARTHON,Poplar Grove,IL,42.3594,-88.8428,3.499
SHEETZ #488,Greenville,NC,35.59102,-77.37686,2.899
SPEEDWAY #7905,Vanceboro,NC,35.3063,-77.1716,3.37566666
QUARLES #4831,Rocky Mount,NC,35.93808,-77.80338,3.409
Quik Pik,West Point,NE,41.845,-96.7318,3.21566666
TROTTER TRUCK PLAZA,Ord,NE,41.5962,-98.9418,3.299
Fast Fuel,Kingfisher,OK,35.8636,-97.9473,3.19066666
SPEEDWAY #9855,Fabens,TX,31.4745,-106.1589,3.23566666
SUPER JACK TRUCK STOP,Brookhaven,MS,31.577167,-90.463133,3.11566666
STRIPES #40819,Orange Grove,TX,27.9487,-97.9838,3.06566666
STRIPES 7FLEET #42506,Haskell,TX,33.158,-99.7309,3.539
STRIPES #40715,La Villa,TX,26.2999,-97.9247,3.169
STRIPES #40729,Brownsville,TX,25.94204,-97.49338,2.999
STRIPES #40892,Hebbronville,TX,27.2997,-98.6829,3.28566666
Refuel #185,Stokesdale,NC,36.2552,-79.9705,3.699
CLARKS PUMP N SHOP #47,Vanceburg,KY,38.4699,-83.2702,3.599
CEFCO #2008,Childress,TX,34.4104,-100.2364,2.91566666
SHELL,Mount Pleasant,MS,34.9536,-89.523,3.399
NINNEKAH TRUCK STOP,Ninnekah,OK,34.9143,-97.9333,3.229
STOP IN Food Store #8143,Montvale,VA,37.407,-79.7175,3.36566666
SHELL,Lewisport,KY,37.909,-86.8957,3.499
DUCK THRU FOOD STORE #26,Lewiston Woodville,NC,36.0933,-77.1439,3.399
REATA PETROLEUM,Fort Morgan,CO,40.2541,-103.8031,3.439
RUTTERS #4,Wrightsville,PA,39.9966,-76.527,3.989
HAVANA CONVENIENCE,Havana,IL,40.3,-90.061,3.799
BEAR RIVER VALLEY CO OP,Corinne,UT,41.545,-112.1514,3.419
KINGSPORT TRUCK STOP,Kingsport,TN,36.536233,-82.54315,3.899
CUBBYS #113,Oneill,NE,42.4857,-98.6456,3.22566666
CHEVRON,Coushatta,LA,32.0231,-93.2648,3.15566666
SUNSTOP #631,Ozark,AL,31.4491,-85.64205,3.599
LOVES TRAVEL STOP #254,Mooresville,IN,39.5915,-86.3642,3.929
BREW #31,Spencer,IA,43.1451,-95.1457,3.46566666
CIRCLE K #2723487,Supply,NC,34.0231,-78.2884,3.289
FAS MART #5261,Tollesboro,KY,38.5723,-83.5605,3.35233333
SPINX #178 (DISCOUNT AVAILABLE),Travelers Rest,SC,35.0039,-82.4272,3.19233333
FLASH MARKET #17032,Trumann,AR,35.5882,-90.562,3.40733333
CIRCLE K #2723641,Troy,AL,31.7856,-85.976933,3.799
GAS N GO,Richland,GA,32.0846,-84.6667,3.199
KWIK TRIP #721,Marshall,WI,43.1636,-89.0753,3.49733333
PETES #05,Parsons,KS,37.3389,-95.2693,3.299
POCO LOCO MARKET,Buda,TX,30.0918,-97.8534,2.89233333
EL TIGRE FOOD STORE #13,Hidalgo,TX,26.1028,-98.2536,3.21566666
UNCLE WILLIES #1288,Felton,DE,39.0225,-75.5829,3.219
CEDAR RIVER PLAZA,Stephenson,MI,45.4166,-87.6258,3.419
JEMISON EXXON,Jemison,AL,32.9805,-86.7181,3.299
KUM & GO #0379,Black Rock,AR,36.1149,-91.1176,3.199
SHELL,Oakland,MS,34.0756,-89.8877,2.999
PILOT TRAVEL CENTER #897,Opa Locka,FL,25.92865,-80.2624,3.699
CHEVRON,Huntsville,TX,30.735163,-95.565762,2.979
MAVERIK COUNTRY STORE #678,Vernal,UT,40.44805,-109.5378,3.44233333
SMOKIES,Okolona,MS,33.9694,-88.7638,3.099
RUTTERS #56,New Cumberland,PA,40.2151,-76.8689,3.899
CASEYS #4388,Beebe,AR,35.0937,-91.9074,3.189
KUM & GO #0880,Stillwater,OK,36.1112,-97.06158,2.954
CASH MAGIC HOLLYWOOD,Berwick,LA,29.6929,-91.2518,3.399
ROADRUNNER FUELS,Aztec,NM,36.8205,-108.011,3.77566666
MAVERIK #5200,De Beque,CO,39.3118,-108.2304,3.44233333
AIRLINE CHEVRON,Kenner,LA,29.99222,-90.2494,3.099
TURRELL FUEL STOP,Turrell,AR,35.3439,-90.2978,3.46566666
CIRCLE K #2705098,Leesburg,FL,28.829575,-81.856075,3.57233333
KENT KWIK #273,Kermit,TX,31.855,-103.0913,3.039
ON THE GO,Prescott,KS,38.0718,-94.7008,3.199
CIRCLE K #2744062,Colorado City,CO,37.9441,-104.8412,3.349
DELAWARE TRUCK STOP,Delaware,NJ,40.8929,-75.0646,3.079
MONROE CENTER BP OASIS,Monroe Center,IL,42.105,-89.0169,3.599
KUM & GO #0026,Adrian,MN,43.6197,-95.9273,3.19066666
CHEVRON,Baton Rouge,LA,30.476669,-91.106726,3.899
CIRCLE K #2721426,Panama City,FL,30.1958,-85.664209,3.29066666
Forks 1&23,Alma,GA,31.5465,-82.4633,3.599
SPRINT MART #4144,Columbus,MS,33.498633,-88.411717,3.01566666
SUNOCO,Webster,FL,28.549,-82.0805,3.33566666
WHISPERING PINES,Greensburg,LA,30.8647,-90.7256,3.099
MARTIN GENERAL STORE,Ebensburg,PA,40.4801,-78.7263,3.524
FIESTA MART #21,Warner,OK,35.4945,-95.3064,3.639
STOP-A MINIT,Pelzer,SC,34.6461,-82.4673,2.899
WHITESBURG BP,Whitesburg,GA,33.5111,-84.9254,3.699
KWIK TRIP #587,Lena,WI,44.956,-88.075,3.28233333
KUM & GO #4127,Sloan,IA,42.2427,-96.2306,3.109
Pure,Willacoochee,GA,31.3455,-83.0449,3.46566666
CO RETAIL VENTURE DB,Yuma,CO,40.1301,-102.7072,3.449
WESSON,Waterbury,CT,41.55745,-73.045219,4.179
Highland oil,Hardy,AR,36.3227,-91.411,3.269
FAST LANE #3,Mc Crory,AR,35.2473,-91.1793,3.399
CIRCLE K #2741779,Hot Springs National Park,AR,34.547,-93.03796,3.369
TEXACO,Prescott,AZ,34.630717,-112.52385,3.739
ORCHARD STOP BP,Montgomery,IL,41.7177,-88.332,3.549
MOBIL,Salisbury,MA,42.8507,-70.8588,3.599
CARROLL MOTOR FUELS,Middle River,MD,39.3401,-76.4153,3.139
CASEYS #3961,Marcus,IA,42.82,-95.8034,3.299
CUBBYS #302,Odebolt,IA,42.3095,-95.2501,3.31566666
FARMERS UNION OIL,Wilton,ND,47.1709,-100.7944,3.899
Caseys #4450,Ulysses,KS,37.5792,-101.3488,3.399
ELGIN ONE STOP,Elgin,NE,41.9732,-98.0751,3.13733333
PAULS TRUCK STOP,Leesville,LA,31.13455,-93.2173,3.449
BIG BATS 2,Chadron,NE,42.8193,-102.9953,3.699
NORTH FORK TRUCK STOP,White Pigeon,MI,41.7929,-85.675,3.559
SHELL,Mathews,LA,29.6938,-90.5496,3.459
ALLTOWN MARKETS,Auburn,NH,42.9925,-71.3449,3.799
MARATHON,Adrian,MI,41.9005,-84.0446,3.599
ALEXS MARKET AND GRILL,Holly,MI,42.7905,-83.6127,4.699
PAC PRIDE,Grand Rapids,MI,42.979527,-85.613319,3.659
SPEEDWAY #4500,Pine City,MN,45.8363,-92.9042,3.549
CIRCLE K #4705573,Grafton,OH,41.2854,-82.0431,3.749
CIRCLE K #4705571,Holland,OH,41.6226,-83.7257,3.549
KWIK TRIP #896,Minneapolis,MN,44.982377,-93.2961,3.599
CENEX,Roseau,MN,48.7048,-95.7504,3.499
CIRCLE K #4705587,Rittman,OH,40.9684,-81.7826,3.659
CROSSROADS RATON TRUCK STOP,Raton,NM,36.8952,-104.4349,3.499
KUM & GO #0498,Rogersville,MO,37.131,-93.0964,3.05233333
SHEETZ #181,Bellefonte,PA,40.8978,-77.7732,3.729
ROYAL FARMS #242,Philadelphia,PA,39.990761,-75.142609,3.799
RAJS MINI MART,Morrisville,PA,40.2084,-74.8291,3.899
SUNOCO,Shoemakersville,PA,40.4955,-75.9603,3.639
KWIK FILL #390,Blossburg,PA,41.6698,-77.0797,3.684
MAVERIK COUNTRY STORE #416,Fallon,NV,39.472433,-118.7803,3.52566666
CIRCLE K #4707628,Montezuma,NY,43.0101,-76.7033,3.999
GOLDEN GATE GOLDEN VALLEY,Reno,NV,39.53615,-119.814625,3.949
MIRABITO #42,Castle Creek,NY,42.2568,-75.9087,3.999
WEST PAK A POK,Houston,MS,33.9026,-88.967,3.399
7-ELEVEN #41266,Hazleton,PA,40.9497,-76.0025,3.839
EAGLE EXXON,Dayton,TN,35.5002,-85.0135,3.399
SHEETZ #033,Altoona,PA,40.5093,-78.403133,3.529
CATDADDY MARKET,Tazewell,TN,36.471,-83.5552,3.299
HOT SPOT #6007,Spartanburg,SC,34.93785,-81.899775,3.089
COWBOY TRAVEL PLAZA,Hamshire,TX,29.8668,-94.3187,2.899
OASIS TRUCK STOP,Canadian,TX,35.9045,-100.3841,3.299
JOLLEY #113,Derby,VT,44.9502,-72.1376,3.539
EXTRA MILE TRUCK STOP,Hooks,TX,33.5253,-94.2657,2.81733333
CIRCLE K #2741536,Weslaco,TX,26.16445,-97.98975,3.03566666
ALVARADO MARKET STATION,Alvarado,TX,32.4395,-97.213,2.844
STRIPES #2294,Leakey,TX,29.769,-99.7479,2.949
MPC #2,Fredericktown,MO,37.4906,-90.3362,2.99066666
CHISUM TRAVEL CENTER,Tularosa,NM,33.065,-106.0108,2.999
CEFCO #6,Marlin,TX,31.3036,-96.8889,2.999
KWIK STAR #895,New Hampton,IA,43.056,-92.3131,3.449
WHITE OAK STATION #15,Harrison,AR,36.23575,-93.10695,3.599
SUNSTOP #612,Andalusia,AL,31.3109,-86.4986,3.48566666
WALTON TRUCK STOP,Monroe,GA,33.81345,-83.70585,3.999
BP,Galesburg,IL,40.94995,-90.3705,3.499
KWIK TRIP #351,Medford,WI,45.1512,-90.3503,3.40066666
EXPRESSWAY LUVERNE,Luverne,MN,43.6614,-96.2216,3.239
PINECONE TRAVEL PLAZA,Johnson Creek,WI,43.0751,-88.7836,3.219
SUN DO KWIK SHOP,Evergreen,NC,34.4204,-78.8947,3.159
Refuel #313,Liberty Hill,TX,30.663,-97.9316,2.909
HOLIDAY STATIONSTORE #2746484,Hastings,MN,44.7129,-92.8637,3.569
Big's #304,Moore,TX,29.0595,-99.0204,2.999
TRAINER MART,Marion,TX,29.5683,-98.1517,2.999
SHREES TRUCK STOP,George,WA,47.0792,-119.8601,3.569
GO MART FOOD STORE #106,Elkins,WV,38.9253,-79.8471,3.499
PILOT #481,Mc Donald,TN,35.0869,-84.9892,3.599
SPEEDWAY #1426,Merrillville,IN,41.4786,-87.36185,3.88566666
QUIKTRIP #4002,Comfort,TX,29.9677,-98.905,2.96566666
JOAQUIN QUICK STOP,Joaquin,TX,31.944,-94.0608,3.43233333
DUCK THRU FOOD STORE #34,Elizabeth City,NC,36.2885,-76.2377,3.499
RUTTERS #5,Fayetteville,PA,39.9065,-77.531,3.859
7-ELEVEN #36834,Abbeville,SC,34.1819,-82.3785,3.619
MARATHON,Russellville,KY,36.8453,-86.8823,3.199
AKAL TRAVEL CENTER,Waco,NE,40.9198,-97.4534,2.799
GULF EXPRESS DIESEL AND GAS,Johnston,RI,41.8274,-71.52,3.799
QUIKTRIP #766,Dacula,GA,33.9883,-83.8795,3.32066666
AYERCO 32,Canton,MO,40.1437,-91.548,3.01566666
KWIK TRIP #884,Clintonville,WI,44.6364,-88.743,3.559
WEBERS OF PLYMOUTH,Plymouth,WI,43.7526,-87.9779,3.499
PAWNEE TRAVEL PLAZA,Pawnee,OK,36.3362,-96.7923,3.044
STRIPES 7FLEET #42515,Lamesa,TX,32.7367,-101.9569,3.099
CEFCO #1086,Longview,TX,32.509956,-94.764822,2.959
MFA #910731,Shelbina,MO,39.6947,-92.0371,2.999
STRIPES,Refugio,TX,28.3169,-97.2767,3.074
STRIPES 7FLEET #42469,Santo,TX,32.5979,-98.1797,2.91733333
TEX-BEST #531,Uvalde,TX,29.22045,-99.78625,2.874
Sunoco,Roebling,NJ,40.1154,-74.7772,3.159
JUMPIN JACKS 419,Rockport,IN,37.8858,-87.077,3.999
CASEYS #3439,Lime Springs,IA,43.4556,-92.2733,3.56566666
Marathon,Cuthbert,GA,31.7706,-84.7936,3.699
SPEEDWAY #6278,Coopersville,MI,43.0601,-85.9517,3.499
FOOD N FUN #17,New Iberia,LA,30.009667,-91.7961,3.067
KWIK TRIP #462,Burlington,WI,42.666,-88.2749,3.274
B LINE SHELL,Jupiter,FL,26.93882,-80.12274,3.95733333
FAST TRACK 427,Lamont,FL,30.3772,-83.8129,3.739
MAVERIK COUNTRY STORE #651,Pocatello,ID,42.831133,-112.419833,3.40233333
DUBOIS TRAVEL STOP,Dubois,ID,44.1858,-112.3259,4.299
WARRIOR RIDGE,Ashland,PA,40.7732,-76.343,3.699
BP,Palmetto,GA,33.5242,-84.679,3.249
CHEVRON,Gordon,GA,32.8813,-83.3029,3.359
SPEED GAS,Rosenhayn,NJ,39.4782,-75.1313,3.459
MINIT MART #600632,Pekin,IL,40.5652,-89.6384,3.739
MACH ONE FOOD SHOP #17,Flora,IL,38.6703,-88.4919,3.899
DUCK THRU #3,Ahoskie,NC,36.2957,-76.9966,3.56233333
GOOD 2 GO #212,Lovell,WY,44.8336,-108.4141,3.657
HUCKS FOOD & FUEL #368,Madisonville,KY,37.3256,-87.4953,3.399
MONICARLO FUEL STOP,Garyville,LA,30.0535,-90.6201,3.199
CHEVRON,Galliano,LA,29.4311,-90.2981,3.499
CHEVRON #308195,Granger,WA,46.348,-120.1818,4.329
SHELL,Orange,MA,42.6129,-72.2924,3.649
FLASH MARKET SHELL,Koshkonong,MO,36.6056,-91.6304,3.499
CEFCO #104,Mount Enterprise,TX,31.9125,-94.6235,2.959
NEW DIXIE MART #19,Whitakers,NC,36.0758,-77.7167,3.339
SAMS MART #95,Harrisburg,NC,35.3247,-80.6594,3.799
SHEETZ #236,Marietta,PA,40.0664,-76.5645,3.389
MINER TOWNE MART,Shullsburg,WI,42.5786,-90.2266,3.399
CIRCLE K #2723367,Fancy Gap,VA,36.664,-80.6907,3.29066666
FLYING J TRAVEL PLAZA #304,New Haven,IN,41.0699,-85.0117,3.859
PILOT #586,Moss Point,MS,30.48605,-88.508,3.459
Kwik Trip #1260,Roberts,WI,44.9874,-92.5598,3.424
TA Express Williston,Williston,ND,48.180433,-103.6279,3.44733333
BIG D 14,Piedmont,SD,44.2287,-103.3688,3.13733333
CASEYS #2969,Fairmont,NE,40.6404,-97.5873,3.28233333
24 NORTH MOBIL,Bridgewater,MA,41.9823,-70.97255,3.699
TEXACO,Elgin,TX,30.3231,-97.3737,3.099
Rebecca Plantation Truck Plaza,Schriever,LA,29.7123,-90.8513,2.999
CHEVRON,Roanoke,LA,30.2464,-92.7421,3.609
MARATHON,Mansfield,OH,40.760929,-82.516871,3.499
BYRNE DAIRY #43,Pulaski,NY,43.5562,-76.1252,4.099
DANDY MINI MART #57,Horseheads,NY,42.1805,-76.8345,3.899
SUPER STOPS,Belle Rose,LA,30.026,-91.0444,3.499
STRIPES #40800,Beeville,TX,28.40765,-97.7688,3.01566666
ORGANIC CONNECTION MOBIL,Homestead,FL,25.487844,-80.468789,3.344
SPEEDWAY #1421,Frankfort,IL,41.5094,-87.8248,3.299
MAVERIK COUNTRY STORE #429,Roosevelt,UT,40.3102,-110.0108,3.439
CASEYS #2316,Unionville,MO,40.4815,-92.9951,3.214
ALLSUPS CONVENIENCE STORE #2223,Artesia,NM,32.796,-104.36775,3.399
LOVES TRAVEL STOP #350,Nogales,AZ,31.480333,-110.9207,3.609
SHELL FOOD MART # 25,Morton,MS,32.4029,-89.5949,3.199
7-ELEVEN #40574,Blanco,TX,30.0874,-98.4107,3.399
SHELL,Madisonville,TX,30.9533,-95.9091,3.18233333
SPEEDWAY #4574,Loris,SC,34.0558,-78.9161,3.269
SPEEDWAY #8741,Eagle,MI,42.8263,-84.759,3.789
CHUBBYS TRAVEL CENTER,Natalia,TX,29.2117,-98.8552,2.97233333
Joe's Kwik Mart #473,Lancaster,NY,42.9017,-78.6631,3.659
EXPRESSWAY,Heron Lake,MN,43.7979,-95.3267,3.299
HIGHWAY SERVICE,Seekonk,MA,41.8378,-71.3224,3.319
SPEEDWAY #7954,Richlands,NC,34.8624,-77.5863,3.324
ALLSUPS CONVENIENCE #2398,Pampa,TX,35.5357,-100.95695,3.079
CHOCTAW TRAVEL PLAZA #641,Stringtown,OK,34.4676,-96.0002,3.159
PILOT TRAVEL CENTER #575,Saint Marys,GA,30.7305,-81.5465,3.599
CIRCLE K #2741553,Lampasas,TX,31.068,-98.1834,2.759
CIRCLE K #2741328,Hewitt,TX,31.4582,-97.1966,2.86566666
SPRINT MART #67,Vidalia,LA,31.5782,-91.4695,3.08233333
PETRO STOP #394,Pearsall,TX,28.8923,-99.0944,3.53566666
KWIK TRIP #733,Caledonia,MN,43.6221,-91.4837,3.49066666
PUMP & PANTRY #14,Broken Bow,NE,41.4126,-99.6355,3.299
PUMP & PANTRY #4,Cairo,NE,41.0002,-98.6165,3.32733333
SHEETZ #512,Kernersville,NC,36.1182,-80.0784,2.844
CAPITAL FUELS MYTON,Myton,UT,40.194,-110.0481,3.50233333
STRIPES #40535,Cotulla,TX,28.4398,-99.2328,3.339
Express Lane,Annawan,IL,41.398,-89.9129,3.299
LOVES TRAVEL STOP #480,Lenoir City,TN,35.79935,-84.24265,3.439
J & H FAMILY STORE,Lowell,MI,42.955,-85.3653,3.789
ROCKFORD MOBIL MART,Rockford,MI,43.1176,-85.5368,3.299
J & H FAMILY STORE #103,Hudsonville,MI,42.8748,-85.8751,3.399
TA CARYVILLE,Pioneer,TN,36.4695,-84.2907,3.00733333
DUCK THRU #41,Hertford,NC,36.17935,-76.4196,3.599
SPEEDWAY #1224,Mason,OH,39.3357,-84.3149,3.159
CASEYS #3062,Medicine Lodge,KS,37.2845,-98.5848,3.114
TIGER MART #79,Waxahachie,TX,32.377667,-96.8234,2.849
PUMP & PANTRY #53,Jackson,NE,42.4529,-96.5743,3.41233333
GULF MART 5150,Natick,MA,42.2875,-71.3574,4.06566666
GAS N GO,Fort Valley,GA,32.5496,-83.8887,3.18233333
STRIPES 7FLEET #42491,Big Lake,TX,31.417,-101.5423,3.549
KWIK TRIP #874,Chisago City,MN,45.3611,-92.8921,3.32733333
BP,Jefferson,WI,43.0006,-88.8078,3.209
MARATHON,Rosedale,VA,36.9593,-81.9312,3.749
RUTTERS #23,Mountville,PA,40.0427,-76.4277,3.979
AMOCO,Burgaw,NC,34.5487,-77.9403,3.599
SHEETZ #656,Kane,PA,41.6619,-78.7978,3.699
TOOT N TOTUM #23,Borger,TX,35.6678,-101.3974,3.01566666
ALLTOWN MARKETS #2743,North Billerica,MA,42.5757,-71.2902,3.68233333
FLYING J #97,Vandalia,OH,39.8883,-84.2023,3.35233333
JOES KWIK MARTS #475,Orange,VA,38.2192,-78.0461,3.33233333
KWIK TRIP #608,Chatfield,MN,43.8362,-92.1574,3.48233333
KWIK TRIP #313,Neillsville,WI,44.5494,-90.6112,3.339
CHEVRON DBA ONE9 #1429,Fruitland,ID,44.0027,-116.9143,3.349
TA EXPRESS #6259,Alexander,ND,47.7947,-103.6546,3.52566666
JIFFY TRIP #201,Cherokee,OK,36.7564,-98.3594,3.269
STRIPES #40801,Karnes City,TX,28.8828,-97.9071,3.174
MAVERIK COUNTRY STORE #444,Monticello,UT,37.9217,-109.3153,3.489
PETRO-CARD 24 #910450,Macon,MO,39.7481,-92.4622,3.239
SHELL,Grand Blanc,MI,42.9231,-83.6217,3.799
CIRCLE K #2741559,Burnet,TX,30.7766,-98.2642,2.91566666
QUARLES #4907,Norfolk,VA,36.896771,-76.258424,3.809
LOVES TRAVEL STOP #514,Ritzville,WA,47.1315,-118.3958,3.919
SHORT STOP #24,Saint Marys,KS,39.1987,-96.0683,2.96733333
SHORT STOP #22,Clay Center,KS,39.3844,-97.1278,2.97233333
SHORT STOP #25,Washington,KS,39.8223,-97.0484,2.90233333
ALLTOWN MARKETS #839,Darien,CT,41.0768,-73.4853,3.83233333
Maplefields,Ticonderoga,NY,43.8463,-73.4426,3.749
SWEET CRUDE TRAVEL CENTER,Grassy Butte,ND,47.4431,-103.2944,3.64066666
SPINX #201,Simpsonville,SC,34.7237,-82.27215,2.96566666
REFUEL #1038,Hartsville,SC,34.37075,-80.1083,3.36566666
CIRCLE K #2723192,Siler City,NC,35.7354,-79.4566,2.949
REFUEL #1028,Society Hill,SC,34.4512,-79.8865,3.399
SPEEDWAY #7960,Farmville,NC,35.5806,-77.5793,2.899
KWIK TRIP #204,Wausau,WI,44.939733,-89.6695,3.33233333
SPEEDWAY #6303,Muskegon,MI,43.228367,-86.239633,3.279
SPEEDWAY #7461,Alsip,IL,41.6721,-87.7357,3.219
PILOT TRAVEL CENTER #1225,Mascoutah,IL,38.4745,-89.7877,3.799
PILOT DEALER #1193,Wikieup,AZ,34.7033,-113.6113,3.839
PILOT #1192,Wittmann,AZ,33.7637,-112.6142,4.899
PILOT DEALER #1058,Waldo,FL,29.7871,-82.1608,3.799
MACH ONE FOOD SHOP #18,Fairfield,IL,38.3782,-88.3593,3.729
BROMPTON VALERO,Moody,AL,33.6035,-86.4668,3.12233333
DUCK THRU #7,Rich Square,NC,36.2773,-77.2969,3.699
A PLUS MINI MARKET,Aberdeen,MD,39.5109,-76.1805,3.83233333
Circle K #2746432,Stanley,ND,48.3458,-102.4185,3.549
SPEEDWAY #3478,Perth Amboy,NJ,40.4738,-74.34635,3.419
SPEEDWAY #2907,Hermitage,PA,41.2326,-80.453,3.93733333
CIRCLE K #2741318,Dripping Springs,TX,30.2268,-98.1029,3.049
CIRCLE K #4701445,Rantoul,IL,40.3107,-88.1462,3.599
SHEETZ #497,Claysburg,PA,40.2821,-78.5083,3.644
SHEETZ #498,Blairsville,PA,40.4413,-79.2533,3.52733333
Amoco,Oglesby,IL,41.2928,-89.0553,3.199
BP,Hartford,SD,43.6155,-96.9501,2.97733333
SPEEDWAY #6395,Waterville,OH,41.5022,-83.7331,3.699
CIRCLE K #2741217,Bernalillo,NM,35.3285,-106.5309,3.52566666
DOUBLE QUICK #61,Leland,MS,33.3985,-90.8839,3.299
LATTA TRAVEL STOP,Ada,OK,34.77725,-96.68535,3.10733333
BEACON & BRIDGE #34,Houghton Lake,MI,44.3147,-84.7647,3.399
SPEEDWAY #8013,Brookville,OH,39.8414,-84.4165,3.34066666
CIRCLE K #2741545,Cuero,TX,29.091,-97.2812,3.099
MACH 1 #21,Harrisburg,IL,37.7257,-88.544,3.689
STRIPES 7FLEET #42530,Llano,TX,30.7151,-98.6109,3.23233333
BLU STATION,Plainfield,IN,39.6893,-86.3919,3.479
LOVES TRAVEL STOP #557,Searcy,AR,35.256133,-91.7319,3.36233333
EXXON,Lawrenceville,PA,41.9783,-77.1136,3.699
CIRCLE K #2741557,Killeen,TX,31.085317,-97.7284,2.76233333
EL TIPI QUICK STOP,Shattuck,OK,36.2889,-99.8793,3.23233333
ALLSUPS CONVENIENCE STORE #2105,Cisco,TX,32.38,-98.9865,2.929
KWIK TRIP #573,Eau Claire,WI,44.809967,-91.5007,3.399
KWIK TRIP #231,Boscobel,WI,43.1393,-90.7061,3.474
KWIK TRIP #860,Rhinelander,WI,45.7045,-89.3866,3.45233333
KWIK TRIP #854,Norwood Young America,MN,44.7736,-93.9216,3.674
FLYING J TRAVEL PLAZA #1015- TOWN PUMP,Sidney,MT,47.713,-104.1634,3.384
LOVES TRAVEL STOP #426,Shelby,IA,41.5339,-95.4469,3.649
LOVES TRAVEL STOP #495,North Fort Myers,FL,26.698667,-81.8787,3.789
XtraMart #1513,Clifton Park,NY,42.8499,-73.7851,3.899
SPEEDWAY #8080,Angola,IN,41.6563,-85.0198,3.599
LOVES TRAVEL STOP #559,Indianola,MS,33.451,-90.6551,3.31566666
PILOT TRAVEL CENTER #1013-TOWN PUMP,Belgrade,MT,45.7801,-111.1439,3.63066666
LOVES TRAVEL STOP #561,Defuniak Springs,FL,30.7852,-86.15875,3.609
Certified Oil #400305,New Martinsville,WV,39.6588,-80.8565,3.31733333
CASEYS #3654,Brainerd,MN,46.3502,-94.1,3.44566666
CIRCLE K #2705988,Tallahassee,FL,30.45475,-84.280195,3.619
KWIK TRIP #213,Stacy,MN,45.39775,-93.00255,3.37733333
Circle K #2741498,Tilden,TX,28.4198,-98.5693,3.199
MAVERIK #5031,Rifle,CO,39.5491,-107.7898,3.46233333
DANDY MINI MART #58,Campbell,NY,42.2386,-77.2066,3.899
CIRCLE K #2705097,Palmetto,FL,27.53215,-82.56765,3.699
STRIPES #40812,Odem,TX,27.9403,-97.5838,3.199
JOES KWIK MARTS #6013,Denver,NC,35.4837,-80.9898,3.189
PILOT TRAVEL CENTER #597,Chillicothe,OH,39.338,-82.9895,3.799
KWIK TRIP #225,Seymour,WI,44.5091,-88.3172,3.39066666
KWIK TRIP #239,Big Bend,WI,42.8885,-88.2122,3.33233333
SPEEDWAY #7946,Newport,NC,34.7551,-76.9069,3.699
MAVERIK #5150,Wellington,CO,40.7255,-105.0318,3.199
SPEEDWAY #6977,Youngsville,NC,36.0249,-78.4744,2.95233333
THE LANDING,Greenwood,MS,33.51605,-90.17605,3.199
83 FUEL STOP,Catarina,TX,28.3598,-99.586,2.959
CIRCLE K #2741077,Pleasanton,TX,28.9924,-98.4831,2.949
SPEEDWAY #7162,Cleveland,TN,35.16302,-84.85842,3.449
KWIK TRIP #234,Cloquet,MN,46.7546,-92.5408,3.319
SPEEDWAY #7912,Wilkesboro,NC,36.1359,-81.1573,3.134
SPEEDWAY #8262,Grantsboro,NC,35.0668,-76.871,3.44066666
SPEEDWAY #6969,Belhaven,NC,35.4458,-76.6391,3.19733333
ROAD RANGER #268,Grayville,IL,38.2627,-88.0035,3.799
LOVES TRAVEL STOP #578,Hamel,IL,38.8901,-89.8457,3.419
PILOT TRAVEL CENTER #1012,Mount Pleasant,IA,40.9646,-91.5614,3.56566666
Shrees Truck Stop Seattle,Seattle,WA,47.603675,-122.330976,3.799
PILOT #1042,Bridgeview,IL,41.7431,-87.8066,3.799
CIRCLE K #4707006,Houlton,ME,46.1189,-67.863,3.899
SPEEDWAY #6139,Pierceton,IN,41.2124,-85.7061,3.729
THORNTONS #442562,Monroe,OH,39.4413,-84.3652,3.199
CIRCLE K #2741078,Stockdale,TX,29.2319,-97.9351,3.079
D AND C FUEL SALES,Tunkhannock,PA,41.5387,-75.9466,3.699
SPEEDWAY #2910,Pittsburgh,PA,40.441256,-80.003773,3.909
CIRCLE K #4702411,Danville,IN,39.7628,-86.5343,3.789
HART MARATHON,Hart,MI,43.7068,-86.3142,3.449
Circle K #4703911,Portland,TN,36.5673,-86.5059,2.959
SPEEDWAY #2912,Baden,PA,40.6416,-80.1985,3.91233333
7-Eleven #42340,Woodway,TX,31.5051,-97.2311,2.93233333
CIRCLE K #4705628,Barberton,OH,41.0197,-81.6212,3.58233333
CASEYS #2967,Bennet,NE,40.68,-96.5064,3.229
KWIK TRIP #209,Kaukauna,WI,44.2956,-88.2717,3.369
LOVES TRAVEL STOP #600,Pendleton,IN,39.9975,-85.7466,3.57566666
LOVES TRAVEL STOP #594,Bidwell,OH,38.9276,-82.2701,3.849
SPEEDWAY #3424,Troy,OH,40.0387,-84.2165,3.13566666
WEIGEL'S #102,Athens,TN,35.45015,-84.59865,3.34733333
CASEYS #4411,Benton,KY,36.8806,-88.3548,3.199
SHELL,Mount Gilead,OH,40.5384,-82.8062,3.759
SHORTYS ONE STOP,Selby,SD,45.4786,-100.0541,3.089
Cenex,Blunt,SD,44.5026,-99.9463,3.1015
LOVES TRAVEL STOP #602,Box Elder,SD,44.1199,-103.0682,3.989
CIRCLE K #4705724,Paulding,OH,41.141,-84.5722,3.699
CIRCLE K #2740541,Roans Prairie,TX,30.6075,-95.9579,3.07233333
LOVLEN FOODS,Drewryville,VA,36.6854,-77.3591,3.049
Maverik Country Store #709,Williams,AZ,35.5434,-112.1707,3.219
CountryMark,Evansville,IN,37.996244,-87.570194,3.699
LOVES TRAVEL STOP #610,Baird,TX,32.3916,-99.3777,3.10733333
SUPER SAVE #4,Farmerville,LA,32.7534,-92.318,3.479
DANDY MINI MART #5,Towanda,PA,41.7638,-76.4645,3.999
7-ELEVEN #41033,Woodville,TX,30.7752,-94.4155,3.149
LOVES TRAVEL STOP #583,New Baden,IL,38.5315,-89.6922,3.849
LOVES TRAVEL STOP #619,Poplarville,MS,30.8524,-89.5648,3.17566666
CIRCLE K #2741547,Floresville,TX,29.1693,-98.1936,2.99566666
CIRCLE K #2741502,Corpus Christi,TX,27.76236,-97.434843,3.06066666
GUTHRIE TRAVEL CENTER,Guthrie,OK,35.833,-97.436,2.96566666
LOVES TRAVEL STOP #621,Bevier,MO,39.7497,-92.5619,3.439
VAN HOOK TRAVEL CENTER,New Town,ND,47.9718,-102.4716,3.56233333
KWIK TRIP #774,Adams,WI,43.8967,-89.8219,3.274
7-ELEVEN #41036,San Augustine,TX,31.5152,-94.1326,3.159
DUCK THRU FOOD STORE #42,Seaboard,NC,36.4886,-77.4113,3.299
SPRINT FOODS #728,Bennettsville,SC,34.6255,-79.6898,3.399
GOOD 2 GO #418,Mona,UT,39.8382,-111.848,3.429
MACH ONE FOOD SHOP #10,Casey,IL,39.3017,-87.9913,3.199
HANKS TRUCK STOP,Hanna,IN,41.4088,-86.7759,3.499
KWIK TRIP #245,Plainview,MN,44.1637,-92.1621,3.624
KWIK TRIP #282,Mukwonago,WI,42.8821,-88.3451,3.33733333
KWIK TRIP #777,Berlin,WI,43.9769,-88.949,3.42566666
CLARK #3121,Caro,MI,43.4833,-83.3835,3.399
KWIK TRIP #885,Abbotsford,WI,44.9641,-90.2994,3.45233333
SPEEDWAY #2908,Perryopolis,PA,40.0646,-79.7756,3.91566666
CASEYS #3319,Nevada,IA,42.019,-93.4462,2.989
CONCORD XTRAMART,Concord,NH,43.255975,-71.591825,3.659
Exxon,Fowlerville,MI,42.6614,-84.0721,3.749
CAIRO TRAVEL CENTER,Cairo,GA,30.9148,-84.208,3.424
7-ELEVEN #40802,Nixon,TX,29.3016,-97.7529,3.079
KWIK TRIP #186,Hinckley,MN,46.0189,-92.8993,3.35233333
SPEEDWAY #2120,Oswego,IL,41.6849,-88.3453,3.249
CASEYS #3424,Ellendale,MN,43.8826,-93.3195,3.499
SPEEDWAY #8796,Lansing,MI,42.723891,-84.571327,3.699
KWIK TRIP #166,Moose Lake,MN,46.4472,-92.7466,3.319
KWIK TRIP #295,Milton,WI,42.7791,-88.9531,3.399
CENEX CONVENIENCE,Detroit Lakes,MN,46.8172,-95.8453,3.499
AC & T Falling Waters,Falling Waters,WV,39.5865,-77.8852,3.849
LOVES TRAVEL STOP #537,Cumberland,MD,39.61594,-78.78068,4.249
GORES TRAVEL PLAZA,Seiling,OK,36.1278,-98.8875,3.149
BYRNE DAIRY #22,La Fayette,NY,42.891,-76.1061,4.299
LOVES TRAVEL STOP #648,Valliant,OK,34.0091,-95.0686,3.099
LOVES TRAVEL STOP #618,Sadieville,KY,38.3908,-84.5384,3.139
LAMBOS #3,Mattoon,IL,39.4802,-88.3762,3.399
FUEL CITY,Mesquite,TX,32.7636,-96.62904,2.96566666
LOVES TRAVEL STOP #654,Union City,OK,35.3913,-97.9398,3.37566666
REBEL PLUS #841,Bonita Springs,FL,26.354825,-81.777275,3.539
SPEEDWAY #8480,Plainfield,IL,41.606967,-88.2125,3.279
SPEEDWAY #4250,Des Plaines,IL,42.028825,-87.889025,3.289
SPEEDWAY #2918,Uniontown,PA,39.8897,-79.7282,3.91566666
SPEEDWAY #8133,Berea,OH,41.3676,-81.8618,3.499
One9 SPEEDWAY #2917,Monroeville,PA,40.429,-79.7623,3.99233333
LOVES TRAVEL STOP #638,Texhoma,OK,36.5253,-101.8394,3.509
CASEYS #3305,Ogilvie,MN,45.8476,-93.4359,3.371
CUBBYS #2104,Shelby,NE,41.1922,-97.4253,3.399
RUTTERS #36,York Springs,PA,40.0084,-77.1061,4.299
LOVES TRAVEL STOP #631,Valley,NE,41.3186,-96.3463,3.34566666
FLYING J #552,Lebanon,OH,39.4293,-84.1735,3.399
LOVES TRAVEL STOP #656,Holcomb,KS,37.9931,-100.9893,3.729
Circle K #2741096,Converse,TX,29.5173,-98.3217,2.93566666
RUTTERS #34,Leola,PA,40.0964,-76.1921,4.199
STRIPES #40601,Rio Grande City,TX,26.3942,-98.8104,2.99566666
SWANTON MOBIL,Swanton,VT,44.9168,-73.1211,3.539
ONE9 EXPRESS FUEL,Clint,TX,31.5494,-106.2038,2.80233333
PETRO WILMINGTON,Wilmington,IL,41.3078,-88.1467,3.399
PILOT TRAVEL CENTER #1041,Carol Stream,IL,41.876983,-88.112117,3.699
SPEEDWAY #6207,Batavia,IL,41.8482,-88.3098,3.599
LOVES TRAVEL STOP #074,Lindsay,OK,34.8211,-97.5998,3.09066666
CASEYS #3527,Nowata,OK,36.6946,-95.6404,3.18233333
JIFFY MART,Ferrisburgh,VT,44.2056,-73.2462,3.599
ALLSUPS CONVENIENCE STORE #2084,Brownwood,TX,31.7748,-99.0418,2.949
7-ELEVEN #40587,Maxwell,TX,29.8953,-97.8144,3.15233333
CORNER MARKET #101,Scott City,KS,38.4823,-100.9064,3.359
QUIKTRIP #1863,Roanoke,TX,33.0211,-97.2127,2.97566666
SPEEDWAY #8495,Alpharetta,GA,34.07396,-84.27394,3.349
RACETRAC #2560,Davenport,FL,28.23195,-81.638675,3.289
CASEYS #3470,Monon,IN,40.8612,-86.8635,3.779
MAVERIK COUNTRY STORE #533,Wellsville,UT,41.6343,-111.9317,3.444
MAVERIK COUNTRY STORE #488,Draper,UT,40.5046,-111.881,3.44566666
KUM & GO #0891,Vinita,OK,36.6334,-95.1382,3.059
CIRCLE K #2741552,Austin,TX,30.309436,-97.762286,2.93233333
SUPER S TRAVEL PLAZA,Ida,LA,32.9934,-93.9022,3.059
LOVES TRAVEL STOP #650,Boardman,OR,45.8272,-119.7206,3.52233333
ROAD RANGER #289,Teague,TX,31.6328,-96.2778,3.39566666
CASEYS #2712,Superior,NE,40.0315,-98.0779,3.36233333
MFA,Brookfield,MO,39.7846,-93.0719,3.249
PETRO-CARD 24 #910880,Gallatin,MO,39.9025,-93.9787,3.299
MFA OIL,Queen City,MO,40.4152,-92.5663,3.249
LOVES TRAVEL STOP #613,Meadowview,VA,36.7612,-81.8512,3.599
CIRCLE K #2741675,Tolleson,AZ,33.4347,-112.2774,3.519
CASEYS #1195,Belleville,KS,39.8241,-97.629,3.339
Maverik Country Store #5014,De Soto,IA,41.5208,-94.0303,3.099
MFA,Purdy,MO,36.8069,-93.9164,3.349
LOVES TRAVEL STOP #662,Quanah,TX,34.2955,-99.7494,3.849
CASEYS #3486,Harrisonville,MO,38.6419,-94.3285,3.229
LOVES TRAVEL STOP #620,Hawthorne,FL,29.574,-82.1056,3.789
LOVES TRAVEL STOP #641,Dyersburg,TN,36.03945,-89.3846,3.40233333
MAVERIK COUNTRY STORE #409,Carson City,NV,39.15535,-119.77234,3.589
KWIK TRIP #184,Pewaukee,WI,43.0788,-88.2729,3.449
KWIK TRIP #162,Elk River,MN,45.3136,-93.5814,3.29733333
Chisholm Corner #16,Marlow,OK,34.6387,-97.941,3.01566666
LOVES TRAVEL STOP #639,Lake,MS,32.3459,-89.3414,3.16233333
CUBBYS #304,Manson,IA,42.5285,-94.5304,3.299
FUEL CITY HALTOM CITY,Haltom City,TX,32.8087,-97.2709,2.96566666
SPEEDWAY #4453,Sauk Rapids,MN,45.604,-94.1591,3.189
LOVES TRAVEL STOP #629,White House,TN,36.46,-86.6705,3.159
LOVES TRAVEL STOP #658,Watts,OK,36.1152,-94.6345,3.34733333
LOVES TRAVEL STOP #653,Eads,CO,38.4408,-102.5549,3.47566666
KUM & GO #0863,Sapulpa,OK,36.0113,-96.10215,3.23233333
Maverik Country Store #5013,Craig,CO,40.5188,-107.554,3.459
KWIK STAR #145,Guttenberg,IA,42.7594,-91.119,3.599
KWIK TRIP #141,Two Harbors,MN,47.0394,-91.6783,3.499
LOVES TRAVEL STOP #657,Cayce,SC,33.9626,-81.0671,3.39733333
BIG BOSS TRAVEL PLAZA,Livingston,LA,30.4741,-90.7673,3.16566666
CASEYS #3503,Pleasanton,KS,38.1823,-94.7057,3.199
7-ELEVEN #40036,Lanexa,VA,37.4194,-76.9027,3.659
CIRCLE K #2741595,Bastrop,TX,30.1388,-97.2921,2.954
KWIK TRIP #1084,Marshfield,WI,44.666433,-90.174,3.47566666
LOVES TRAVEL STOP #687,Jacksonville,IL,39.7161,-90.24525,3.489
LOVES TRAVEL STOP #669,New London,MO,39.5917,-91.396,3.23566666
Speedway #6809,Franklin Park,IL,41.9339,-87.8734,3.329
KWIK TRIP #458,Buffalo,MN,45.1814,-93.8635,3.549
SPEEDWAY #7103,Lawrenceburg,TN,35.2507,-87.3526,3.574
BELL STORES #146,Malvern,OH,40.6845,-81.1838,3.579
OASIS STOP N GO #17,Twin Falls,ID,42.55975,-114.4651,3.699
SHEETZ #772,Springfield,OH,39.92765,-83.8083,3.054
KWIK TRIP #638,Two Rivers,WI,44.166,-87.5855,3.39066666
LOVES TRAVEL STOP #695,Cunningham,KS,37.6309,-98.3564,3.65733333
LOVES TRAVEL STOP #692,Chanute,KS,37.6749,-95.457,3.27566666
LOVES TRAVEL STOP #685,Knoxville,IL,40.9107,-90.2871,3.889
PETES #16,Rich Hill,MO,38.0944,-94.3635,3.149
LOVES TRAVEL STOP #688,Greenup,IL,39.274,-88.1246,3.289
KUM & GO #1837,Broken Arrow,OK,36.035625,-95.783825,3.05233333
SHELL,Madison,AL,34.710667,-86.767833,3.349
KWIK TRIP #586,Butler,WI,43.1054,-88.071,3.474
LOVES TRAVEL STOP #683,Moore Haven,FL,26.8327,-81.2188,3.789
MAVERIK COUNTRY STORE #388,Show Low,AZ,34.29895,-110.0176,3.229
MAVERIK COUNTRY STORE #377,Santaquin,UT,39.9737,-111.8037,3.40233333
ASAP GENERAL STORE #313,Duncan,OK,34.503833,-97.921933,3.13233333
SHEETZ #791,North Jackson,OH,41.088,-80.8623,3.06566666
KUM & GO #0119,Northwood,IA,43.4506,-93.2419,3.11566666
YESWAY #1078,Winters,TX,31.962,-99.9551,2.999
Exxon,Budd Lake,NJ,40.8731,-74.7426,3.119
7 CLANS RED ROCK GASINO,Red Rock,OK,36.4748,-97.164,3.089
USA GAS,Newfield,NJ,39.5553,-75.0276,3.169
LOVES TRAVEL STOP #672,Sinton,TX,28.0339,-97.5196,3.149
KWIK TRIP #583,Wisconsin Dells,WI,43.6508,-89.7665,3.23733333
KWIK TRIP #855,Baraboo,WI,43.4825,-89.7462,3.11566666
CIRCLE K #2654249,Paris,TX,33.6665,-95.527967,2.959
RUTTERS #70,Strasburg,PA,39.9701,-76.1848,4.199
RANCHLAND GAS STATION,Benjamin,TX,33.584,-99.7923,3.299
RUTTERS #68,Annville,PA,40.3456,-76.5447,4.299
MICKEY MART #57,Strasburg,OH,40.6003,-81.5366,3.49233333
LOVES TRAVEL STOP #679,Hardin,MT,45.7498,-107.6075,3.704
LOVES TRAVEL STOP #691,Ely,NV,39.29,-114.85655,3.649
WA SHE SHU TRAVEL PLAZA,Gardnerville,NV,38.89345,-119.66935,3.699
CEFCO #99,Giddings,TX,30.1777,-96.9332,3.159
CASEYS #3604,Hinton,IA,42.604,-96.305,3.299
LOVES TRAVEL STOP #699,Magee,MS,31.8495,-89.7503,3.60733333
SPEEDWAY #2926,Clairton,PA,40.3243,-79.9317,3.92566666
SPEEDWAY #7775,Delaware,OH,40.2932,-83.0723,3.619
KWIK TRIP #661,Monroe,WI,42.5991,-89.6403,3.36233333
Kwik Star #567,Hampton,IA,42.7405,-93.211,3.504
PETRO-CARD 24 #919141,Jamestown,MO,38.7793,-92.4807,3.479
CASEYS #2743,Palmyra,NE,40.705,-96.3999,3.199
QUICKLEES #1,Avon,NY,42.903,-77.7274,3.999
SHEETZ #583,Reedsville,PA,40.6722,-77.6116,3.41566666
SPEEDWAY #6245,Carrollton,OH,40.5787,-81.0818,3.559
SPEEDWAY #8851,South Elgin,IL,41.9969,-88.2986,3.559
LOVES TRAVEL STOP #697,Newton,NC,35.6498,-81.2425,3.689
KWIK TRIP #111,Stillwater,MN,45.0412,-92.91555,3.54066666
SPEEDWAY #8799,Bedford Park,IL,41.8119,-87.6873,3.599
SPEEDWAY #8064,West Lafayette,IN,40.4192,-86.9116,3.58233333
Speedway #3994,West Chicago,IL,41.8867,-88.2031,3.599
SPEEDWAY #1830,Grand Haven,MI,43.0378,-86.1912,3.899
TEX-BEST #527,Jourdanton,TX,28.903,-98.544,2.92066666
TEX BEST #503,Kyle,TX,29.9966,-97.8335,2.80566666
Kwik Star #103,Iowa Falls,IA,42.5138,-93.2709,3.374
KWIK TRIP #571,Carlton,MN,46.6484,-92.471,3.319
KWIK TRIP #964,Middleton,WI,43.1052,-89.5073,3.529
KWIK TRIP #118,Ashland,WI,46.5586,-90.7388,3.699
QUICK FUEL #2206,Marietta,GA,33.9462,-84.532471,3.519
LOVES TRAVEL STOP #712,Newcastle,OK,35.2453,-97.6216,3.42566666
KWIK TRIP #815,Cumberland,WI,45.5403,-92.0297,3.624
PETRO-CARD 24 #910681,Salem,MO,37.617,-91.5258,3.099
KWIK TRIP #588,Woodruff,WI,45.9186,-89.6954,3.09566666
KWIK TRIP #596,Black Earth,WI,43.1322,-89.739,3.444
SPEEDWAY #4440,Waukegan,IL,42.372233,-87.8551,3.659
KWIK TRIP #138,Park Falls,WI,45.9363,-90.4246,3.14733333
LOVES TRAVEL STOP #694,Ramer,TN,35.0642,-88.6017,3.46233333
LOVES TRAVEL STOP #661,Pine Bluff,AR,34.204525,-92.014275,3.319
KWIK TRIP #112,Sheboygan Falls,WI,43.7266,-87.8242,3.29233333
LOVES TRAVEL STOP #708,Bushnell,FL,28.6611,-82.1553,3.29566666
LOVES TRAVEL STOPS #719,Troy,TX,31.1759,-97.2852,3.159
SPEEDWAY #3535,Bellville,OH,40.6136,-82.5175,3.599
RICKY ROCKETS FUEL CENTER,Midlothian,IL,41.635,-87.7362,3.099
RUTTERS #72,Saint Thomas,PA,39.9241,-77.7908,4.399
SPEEDWAY #2929,New Alexandria,PA,40.3987,-79.422,3.97233333
SIDE TRACK,Wrightsville,GA,32.7219,-82.7262,3.31566666
CASEYS #3593,North Vernon,IN,39.0018,-85.6272,3.59233333
ONVO TRAVEL PLAZA - AVIS,Avis,PA,41.186,-77.3162,3.539
BP,Pacific Junction,IA,41.0271,-95.8046,3.399
Stinker,Kersey,CO,40.3963,-104.5288,3.499
EXXON,Redford,MI,42.401,-83.2953,3.699
GOOD 2 GO #218,Sheridan,WY,44.7849,-106.9648,3.44233333
KWIK TRIP #598,Paynesville,MN,45.3988,-94.7157,3.399
ONVO TRAVEL PLAZA - BLAKESLEE,Blakeslee,PA,41.0485,-75.5343,3.56566666
KWIK TRIP #575,Saint Joseph,MN,45.5651,-94.3367,3.30233333
ROCKING Oil,Caldwell,TX,30.5298,-96.7143,3.099
RACETRAC #2597,Elizabethtown,KY,37.6894,-85.86875,2.919
CITGO HERITAGE RIDGE,Waupun,WI,43.6324,-88.7373,3.14733333
MACH 1 #3,Benton,IL,38.0,-88.9227,3.379
LOVES TRAVEL STOP #701,Capac,MI,43.0263,-82.9298,3.949
MAVERIK COUNTRY STORE #497,Cortez,CO,37.3549,-108.5837,3.41566666
WORKMANS TRAVEL CENTER,Lowell,AR,36.2554,-94.1308,3.40233333
PILOT # 1134,Orla,TX,31.864,-103.9297,3.759
HUDSON IRVING 24,Hudson,NH,42.769,-71.4121,3.799
LOVES TRAVEL STOP #726,Belen,NM,34.6511,-106.6952,3.52233333
LOVES TRAVEL STOP #734,Randlett,OK,34.174,-98.46,3.12066666
PUMP N PETES #42,Jasper,MO,37.3362,-94.3013,3.199
CASEYS #3889,Henry,IL,41.1115,-89.3743,3.349
LOVES TRAVEL STOP #725,Hanson,KY,37.4382,-87.4751,3.599
GOOD TO GO #45,Fowler,IN,40.6255,-87.309,3.699
Union 76 Pilot,Riverton,NJ,40.00675,-75.00505,3.999
TA EXPRESS HENDERSON #969,Henderson,NV,35.99695,-115.020883,3.639
RUTTERS #73,Inwood,WV,39.3701,-78.0242,3.659
RUDS,New Salem,ND,46.806,-101.4291,3.499
ROAD RANGER #275,Sonora,TX,30.5558,-100.6307,3.549
MAVERIK COUNTRY STORE #460,Minden,NV,39.0218,-119.7314,3.52566666
Caseys #4466,Scottsville,KY,36.7614,-86.1929,3.31233333
24/7 TRAVEL STORE,Abilene,KS,38.9371,-97.2063,2.994
CIRCLE K #2704111,Donna,TX,26.1671,-98.0529,3.009
CASEYS #3677,Slayton,MN,43.9856,-95.7554,3.299
ALLSUPS #2423,Madill,OK,34.0784,-96.7597,2.959
Speedee Mart # 2875,Milford,NE,40.7632,-97.0576,3.43233333
CASEYS #3396,Sigourney,IA,41.3301,-92.2019,3.36233333
CASEYS #3589,North Sioux City,SD,42.5249,-96.5074,3.059
CASEYS #3685,Lakin,KS,37.9382,-101.2713,3.19233333
CASEYS #1160,Plainview,NE,42.3467,-97.7786,3.229
Kwik Star #920,Garner,IA,43.1144,-93.5944,3.399
KWIK TRIP #595,Amery,WI,45.3486,-92.4014,3.56066666
KWIK TRIP #926,New Prague,MN,44.5402,-93.5805,3.29066666
LOVES TRAVEL STOP #668,Berthoud,CO,40.2993,-105.1055,3.39066666
SPEEDWAY #3996,Round Lake,IL,42.3668,-88.0888,3.399
ROBINSON CORINTH IRVING,Corinth,ME,44.9805,-69.0109,3.93233333
IRVING MAINWAY,Dover Foxcroft,ME,45.1877,-69.2045,3.86566666
ROBINSONS IRVING,Corinna,ME,44.926,-69.2323,3.93233333
LOVES TRAVEL STOP #710,Tipton,IN,40.2817,-86.0433,3.84733333
FLYING J #1171,Mesquite,NV,36.810133,-114.084933,3.70566666
KWIK TRIP #922,Cameron,WI,45.4038,-91.731,3.664
MAVERIK COUNTRY STORE #573,Riverton,UT,40.4954,-111.9444,3.13566666
LOVES TRAVEL STOP #740,Yemassee,SC,32.643,-80.8129,3.419
GOLDEN GATE TRUCKSTOP,Elko,NV,40.8568,-115.686867,3.599
Rusty Lantern,Augusta,ME,44.33484,-69.77908,3.88733333
DOMINO #128,El Reno,OK,35.5335,-97.9591,3.199
KWIK TRIP #592,Rush City,MN,45.6855,-92.9655,3.37733333
KWIK TRIP #946,Pulaski,WI,44.6611,-88.2634,3.45733333
ALLSUPS CONVENIENCE STORE #2308,Jal,NM,32.1128,-103.1997,3.129
LANCASTER CONVENIENCE,Lancaster,MA,42.451,-71.6868,3.70566666
RACING MART,Adams,MA,42.6223,-73.1172,3.699
SPEEDWAY #3650,Wadsworth,OH,41.032,-81.73365,3.699
PILOT TRAVEL CENTER #1132,Brawley,CA,32.9792,-115.5296,4.759
INDIAN HILL IRVING,Greenville,ME,45.4716,-69.5844,3.86566666
1 STOP TRAVEL PLAZA,Pierre,SD,44.3695,-100.3211,3.38233333
LOVES TRAVEL STOP #707,Covington,VA,37.7802,-79.987,3.649
KWIK TRIP #1021,Brodhead,WI,42.6111,-89.3714,3.41566666
QUICK FUEL #3188,Sidney,OH,40.2858,-84.15885,3.33233333
LOVES TRAVEL STOP #741,Reidsville,NC,36.36765,-79.71865,3.999
AF TRUCK CENTER,Melrose Park,IL,41.907433,-87.869067,3.459
KWIK TRIP #928,Princeton,MN,45.5851,-93.5961,3.399
Kwik Star #924,Webster City,IA,42.4657,-93.8262,3.20233333
WEIGELS #90,Kodak,TN,35.9722,-83.6171,3.199
MAVERIK COUNTRY STORE #606,Franklin,ID,42.0288,-111.7871,3.579
KWIK TRIP #1019,Isanti,MN,45.4682,-93.2266,3.474
FOOD N FUEL #25,Milbank,SD,45.2061,-96.6255,3.369
TA EXPRESS LITTLEFIELD,Littlefield,AZ,36.8872,-113.9297,3.679
MAVERIK COUNTRY STORE #599,Thayne,WY,42.933,-111.0114,3.669
FAST STOP,Escanaba,MI,45.7659,-87.089,3.399
KWIK TRIP #791,New London,WI,44.3928,-88.7554,3.484
WEIGELS #81,Morristown,TN,36.211775,-83.28445,3.259
MACH 1 #12,West Frankfort,IL,37.8979,-88.9307,3.199
ALLSUPS CONVENIENCE STORE #2470,Eunice,NM,32.4392,-103.1594,3.099
BOLLA MARKET,Islandia,NY,40.8067,-73.1709,3.539
BOLLA MARKET,Medford,NY,40.8174,-72.9852,3.539
SPEEDWAY #4107,Stone Mountain,GA,33.812925,-84.1567,3.529
MARATHON,Elberton,GA,34.1082,-82.8448,3.899
CASEYS #3782,Mount Ayr,IA,40.7142,-94.2321,3.164
CASEYS #3581,Corning,AR,36.4155,-90.587,3.28233333
LOVES TRAVEL STOP #731,Slippery Rock,PA,41.0454,-80.0468,4.249
BISHOPS TRAVEL CENTER,Attapulgus,GA,30.7493,-84.4846,3.699
PARKERS #63 (DISCOUNT AVAILABLE),Jesup,GA,31.57315,-81.8631,3.11566666
TA EXPRESS HOLSTEIN #941,Holstein,IA,42.4948,-95.565,3.559
CASEYS #3492,Marysville,KS,39.8428,-96.6422,3.299
BREAK TIME #3165,Warrensburg,MO,38.7667,-93.7273,3.29233333
GLUCKSTADT FLEETWAY,Madison,MS,32.46445,-90.11205,3.199
CASEYS #3514,Oakes,ND,46.1095,-98.2257,3.38233333
ALLSUPS CONVENIENCE STORE #2220,Loving,NM,32.274,-104.0914,3.599
84 QUIK STOP,New Hampton,NY,41.3627,-74.4435,3.459
CIRCLE K #4707623,Brewerton,NY,43.2252,-76.1351,4.089
QUEENSBURY,Queensbury,NY,43.329,-73.6818,3.789
LOVES TRAVEL STOP #749,Westmorland,CA,33.038,-115.5914,4.779
MARIETTA PETROLEUM,Marietta,OK,33.9431,-97.1148,2.92233333
DANDY MINI MART #36,Monroeton,PA,41.7135,-76.4872,4.03233333
RUTTERS #67,Mercersburg,PA,39.8195,-77.9073,4.399
CIRCLE K #2741496,Chappell Hill,TX,30.1833,-96.2347,2.999
Circle K #2741925,Trinity,TX,30.942,-95.3403,2.899
KWIK TRIP #1037,Mora,MN,45.8958,-93.2942,3.394
CROSSROADS MARKET,Gladstone,VA,37.5473,-78.8508,3.439
BIG B TRUCK STOP,Sprague,WA,47.3247,-117.9897,3.899
GOHL POST BP,Endeavor,WI,43.6963,-89.4617,3.17566666
BIG D OIL #19,Midwest,WY,43.4114,-106.28,3.459
BOLLA MARKET,Copiague,NY,40.6778,-73.3963,3.399
MAVERIK #728,Lovington,NM,32.9512,-103.3488,3.094
ALLSUPS CONVENIENCE STORE #2365,Plains,TX,33.1894,-102.8294,3.369
MFA OIL PETRO CARD 24,Hamilton,MO,39.7364,-93.9909,3.24066666
LOVES TRAVEL STOP #759,Hazen,AR,34.7838,-91.5767,3.22566666
LOVES TRAVEL STOP #689,Lake Village,AR,33.3274,-91.2825,3.269
KWIK TRIP #1015,Denmark,WI,44.3594,-87.827,3.36233333
KWIK TRIP #939,Stanley,WI,44.9689,-90.9389,3.469
ALLSUPS CONVENIENCE STORE #2154,Coleman,TX,31.8287,-99.427,3.159
7-ELEVEN #34715,Schiller Park,IL,41.9563,-87.8692,4.579
CEFCO #2071,Early,TX,31.76475,-98.93425,2.92566666
ALLSUPS CONVENIENCE STORE #2147,De Leon,TX,32.1087,-98.5489,3.159
STRIPES 7FLEET #42528,Colorado City,TX,32.3987,-100.8609,2.899
TROPIC OIL COMPANY,Lake Wales,FL,27.880633,-81.5929,3.499
ALLSUPS CONVENIENCE STORE #2078,White Deer,TX,35.4278,-101.174,2.969
ALLSUPS CONVENIENCE STORE #2100,Odonnell,TX,32.9773,-101.8271,3.099
DK,Denver City,TX,32.9711,-102.8313,3.319
ALLSUPS CONVENIENCE STORE #2370,Clarendon,TX,34.9529,-100.8952,2.929
ALLSUPS CONVENIENCE STORE #2114,Muleshoe,TX,34.2193,-102.7496,3.19066666
HORSESHOE CONVENIENCE,Mentone,TX,31.7068,-103.5988,3.10733333
BP,Elkhorn,WI,42.7009,-88.5462,3.149
KWIK TRIP #1026,Milaca,MN,45.7795,-93.6453,3.369
PILOT DEALER #1235,Tacna,AZ,32.6934,-113.9763,3.599
LAST STOP TRAVEL CENTER,Willow Beach,AZ,35.7759,-114.5001,3.49566666
Kwik Star #1025,Estherville,IA,43.4017,-94.818,3.33233333
LOVES TRAVEL STOP #748,Edon,OH,41.5842,-84.757,3.88733333
LOVES TRAVEL STOP #745,Saint Clair,MI,42.8255,-82.5133,3.949
KWIK TRIP #1038,Prairie Du Sac,WI,43.2956,-89.7452,3.484
SPEEDWAY #6721,Mc Kees Rocks,PA,40.4717,-80.0876,3.899
SPEEDWAY #3715,Crest Hill,IL,41.5548,-88.0987,3.299
LOVES TRAVEL STOP #773,Eutaw,AL,32.8889,-87.9303,3.13733333
KWIK STAR #929,Bettendorf,IA,41.5509,-90.4942,3.599
Petro-Card 24 #910820,Willow Springs,MO,36.9958,-91.9405,3.399
MAVERIK COUNTRY STORE #623,Gunnison,UT,39.1545,-111.8167,3.419
LOVES TRAVEL STOP #751,Elgin,SC,34.162,-80.8113,3.42566666
Jet Food Store,Warrenton,GA,33.4091,-82.6357,3.41566666
KWIK STAR #1027,Mason City,IA,43.15175,-93.1982,3.264
KWIK STAR #940,Forest City,IA,43.2692,-93.6356,3.449
KWIK TRIP #1017,Anoka,MN,45.2825,-93.4186,3.624
Shell,Kendallville,IN,41.4482,-85.2609,3.499
SHREES TRUCK STOP #2,Thorp,WA,47.0679,-120.6712,3.809
THORNTONS #0334,Posen,IL,41.6277,-87.6872,3.399
LOVES TRAVEL STOP #744,Lockbourne,OH,39.8117,-82.97445,3.45566666
KWIK TRIP #1049,Glencoe,MN,44.778,-94.1616,3.524
SPEEDWAY #6781,Douglassville,PA,40.2709,-75.7397,3.799
BROWNVILLE IRVING,Brownville,ME,45.3412,-69.0423,3.93233333
GOLDEN GATE PETROLEUM,Silt,CO,39.5028,-107.6657,3.459
KWIK TRIP #930,North Branch,MN,45.5114,-92.9802,3.40233333
SPEEDWAY #3632,Kent,OH,41.1487,-81.349733,3.53233333
CIRCLE K #4706705,Crete,IL,41.439,-87.6027,3.499
LOVES TRAVEL STOP #769,Topeka,KS,39.043332,-95.705287,3.284
LOVES TRAVEL STOP #774,Smiths Station,AL,32.5401,-85.0985,3.194
KWIK TRIP #1031,Delano,MN,45.0342,-93.8016,3.524
PILOT #1227,Pyote,TX,31.5387,-103.1267,3.46566666
BARRINGTON APPLEGREEN,Barrington,NH,43.2027,-71.0377,3.899
MAVERIK COUNTRY STORE #581,Clearfield,UT,41.0679,-112.063433,3.33566666
MACH 1 #24,Tilton,IL,40.0964,-87.644,3.199
LOVES TRAVEL STOP #757,Milan,MI,42.0914,-83.6776,3.489
INTERFUEL,Springfield,VA,38.802189,-77.2457,3.899
CASEYS #3708,New Carlisle,OH,39.93,-84.0217,3.259
CASEYS #3852,Creston,IA,41.0499,-94.3471,3.349
CASEYS #3238,Oronoco,MN,44.1489,-92.485,3.51566666
LENNYS GAS N WASH BOURBONNAIS,Bourbonnais,IL,41.1661,-87.879,3.299
LOVES TRAVEL STOP #784,Schuyler,NE,41.4591,-97.0628,3.28233333
Flyers #3213,Mesa,AZ,33.414132,-111.771211,3.35233333
ALLTOWN FRESH #769,Ayer,MA,42.5591,-71.5788,3.649
PAC PRIDE,Glendale,AZ,33.5737,-112.197708,4.024
RUTLAND ROUTE 7 IRVING,Rutland,VT,43.61235,-72.9717,3.699
ALLSUPS CONVENIENCE STORE #2132,Carrizozo,NM,33.6496,-105.8696,3.28233333
ALLSUPS CONVENIENCE STORE #2038,Logan,NM,35.3681,-103.4383,3.199
QUIK STOP,Paris,TN,36.3005,-88.3093,2.959
PATRIOT FUELING CENTER,Wetumpka,AL,32.57745,-86.15735,3.199
CASEYS #3464,Morrisonville,IL,39.4153,-89.4541,3.759
TA Express West Point #283,West Point,GA,32.8337,-85.1197,3.66566666
VP Racing Fuels,Center,MO,39.5154,-91.5398,3.16566666
MAVERIK COUNTRY STORE #398,Page,AZ,36.9147,-111.4558,3.45566666
FAST LANE #31,Jonesburg,MO,38.8717,-91.3019,3.299
SPEEDWAY #9932,Painted Post,NY,42.171,-77.1194,4.099
LOVES TRAVEL STOP #790,Summerton,SC,33.5946,-80.3606,3.509
CASEYS #2998,Pipestone,MN,43.9893,-96.2652,3.449
CASEYS #3245,Freeman,SD,43.3605,-97.4601,3.299
CASEYS #3785,Fort Pierre,SD,44.3426,-100.4043,3.399
CASEYS #1778,Brighton,IL,39.0361,-90.1443,3.239
CASEYS #3934,Ankeny,IA,41.7203,-93.5974,3.099
JACK FLASH,Altamont,IL,39.0634,-88.7481,3.099
CASEYS #3590,Geneva,IN,40.6071,-84.9621,3.594
CASEYS #3653,Greene,IA,42.8958,-92.8024,3.599
CASEYS #3659,Randall,MN,46.0734,-94.5005,3.48566666
CASEYS #3752,Mountain Lake,MN,43.939,-94.9273,3.40233333
CASEYS #3717,Vinton,IA,42.1743,-91.9892,3.199
CASEYS #3787,Blackwell,OK,36.8006,-97.2867,2.999
CASEYS #3795,Saukville,WI,43.3913,-87.9568,3.289
CASEYS #3798,Drumright,OK,35.9931,-96.5198,3.119
CASEYS #3758,Douglass,KS,37.5195,-96.9948,3.264
CASEYS #3809,Hugoton,KS,37.1682,-101.3346,3.39233333
CASEYS #3780,Tonganoxie,KS,39.1026,-95.1051,3.159
CASEYS #3811,McAlester,OK,34.9298,-95.76445,3.22566666
CASEYS #3832,Janesville,MN,44.1168,-93.7095,3.58233333
CASEYS #2730,Seward,NE,40.9066,-97.0966,3.369
CASEYS #3841,Kieler,WI,42.5814,-90.6026,3.489
CASEYS #3856,Tonica,IL,41.2327,-89.089,3.069
CASEYS #3493,Shannon,IL,42.161,-89.7481,3.699
CASEYS #3497,South Pekin,IL,40.4945,-89.6518,3.619
CASEYS #3528,Washington,IA,41.3015,-91.6987,3.271
CASEYS #3545,Sleepy Eye,MN,44.2821,-94.7273,3.33233333
CASEYS #3554,Mulberry Grove,IL,38.9311,-89.2463,3.489
CASEYS #3575,Seneca,KS,39.8473,-96.0316,3.159
CASEYS #3079,Early,IA,42.4483,-95.1726,3.299
CASEYS #3576,Overbrook,KS,38.7922,-95.5616,3.19566666
CASEYS #3579,Smith Center,KS,39.8042,-98.7842,3.179
CASEYS #3588,Tipp City,OH,39.942,-84.1663,3.099
CASEYS #3204,Minden,IA,41.4654,-95.5519,3.159
CASEYS #3465,Gibbon,NE,40.7444,-98.8543,3.049
SHEETZ #804,Hope Mills,NC,34.9536,-78.9354,2.859
7FLEET #46080,Neenah,WI,44.18345,-88.4709,3.449
ANEW TRAVEL CENTER,Cambridge,NE,40.2808,-100.1676,3.364
CASEYS #3747,Carey,OH,40.9486,-83.3836,3.17566666
QUICK FUEL #3176,Carrollton,TX,32.988275,-96.883125,3.01566666
ALLTOWN MARKETS #835,Madison,CT,41.309,-72.6153,4.239
CIRCLE T,Navasota,TX,30.3576,-96.0594,3.43233333
FUEL MAXX #57,Liberty,TX,30.0946,-94.7378,3.13233333
JIFFY MART,Walpole,NH,43.0765,-72.4155,3.68566666
MAVERIK COUNTRY STORE #630,Malad City,ID,42.1808,-112.262,3.394
RUTTERS #81,Leesport,PA,40.4152,-75.9944,3.89733333
RUTTERS #41,Lebanon,PA,40.3564,-76.4172,3.799
RUTTERS #75,Walkersville,MD,39.4787,-77.3484,3.93233333
KWIK TRIP #1061,Combined Locks,WI,44.2666,-88.3133,3.549
PILOT #1299,Henrietta,TX,33.8196,-98.26,3.12566666
QUARLES #4009,Waldorf,MD,38.59,-76.93265,3.759
QUARLES #4011/SHELL,Woodford,VA,38.0847,-77.4399,2.899
QUARLES #4302,Broadway,VA,38.6083,-78.7875,3.459
QUARLES #4307,Salem,VA,37.287367,-80.0678,3.559
PIEDMONT PETROLEUM,Lynchburg,VA,37.375244,-79.158544,3.459
QUARLES #4400,Lorton,VA,38.6986,-77.2159,4.059
QUARLES #4401,Fairfax,VA,38.8343,-77.287889,4.059
QUARLES #4403,Beltsville,MD,39.04015,-76.91585,3.899
Global,Elkridge,MD,39.2058,-76.7531,3.099
QUARLES #4407,Upper Marlboro,MD,38.83424,-76.7982,3.899
QUARLES #4408,Bladensburg,MD,38.9421,-76.9261,3.699
QUARLES #4411,Curtis Bay,MD,39.2109,-76.5597,3.499
QUARLES #4412,Rockville,MD,39.0872,-77.1466,3.759
QUARLES #4413,Capitol Heights,MD,38.85512,-76.88828,3.899
QUARLES #4416,Salisbury,MD,38.3775,-75.60565,3.659
QUARLES #4423,Glen Burnie,MD,39.102067,-76.601467,3.699
QUARLES #4424,Clinton,MD,38.7549,-76.9026,3.899
QUARLES #4425,Hyattsville,MD,38.9637,-76.9395,3.899
QUARLES #4426,Gaithersburg,MD,39.151656,-77.196511,3.759
QUARLES #4430,Sharon Hill,PA,39.9035,-75.2695,3.869
7-ELEVEN #17703,Martinsburg,WV,39.466,-77.95364,3.249
QUARLES #4504,Winchester,VA,39.191875,-78.2048,3.799
QUARLES #4509,Frederick,MD,39.4222,-77.4076,3.599
QUARLES #4605,Sterling,VA,39.0128,-77.4231,3.659
QUARLES #4606,Manassas,VA,38.749167,-77.470867,3.859
QUARLES #4934,Sandston,VA,37.5157,-77.2758,3.259
QUARLES #4608,Chantilly,VA,38.872033,-77.414567,3.659
QUARLES #4700,Culpeper,VA,38.5117,-77.9928,3.799
QUARLES #4944,Bealeton,VA,38.5453,-77.7561,3.759
QUARLES #4703,Ruckersville,VA,38.2586,-78.4074,3.699
REFUEL #1116,Apex,NC,35.7225,-78.8408,3.799
QUARLES #4829,Raleigh,NC,35.808798,-78.633634,3.599
QUARLES #4965,Warsaw,VA,37.9695,-76.7665,3.759
QUARLES #4817,Selma,NC,35.5565,-78.264,3.799
QUARLES #4927,Chesterfield,VA,37.3628,-77.60055,3.699
QUARLES #4931,Powhatan,VA,37.5421,-77.9189,3.699
QUARLES #4932,Rockville,VA,37.7337,-77.7,3.699
RACEWAY #6789,Richmond,VA,37.528023,-77.474238,3.429
QUARLES #4938,Gum Spring,VA,37.7982,-77.9375,3.699
EXXON/QUARLES #4942,Quinton,VA,37.5185,-77.1486,3.509
SHEETZ #689,Henrico,VA,37.497618,-77.415636,2.949
QUARLES #4909,Hampton,VA,37.047882,-76.358909,3.42566666
QUARLES #4912,Troy,VA,37.9636,-78.2535,3.899
QUARLES #4913,Midlothian,VA,37.474467,-77.646433,3.699
QUARLES #4922,Charlottesville,VA,38.047155,-78.481936,3.899
HAYDEN TRAVEL CENTER,Warrior,AL,33.8529,-86.8198,3.129
Global,Danbury,CT,41.370517,-73.4267,3.459
ALLTOWN MARKETS #647,Plymouth,MA,41.946433,-70.670233,3.959
LULING MINI MART,Luling,TX,29.6826,-97.6499,2.96566666
KWIK TRIP #644,New Holstein,WI,44.00625,-88.1571,3.39066666
MAVERIK #723,Marana,AZ,32.4176,-111.20975,3.04566666
SUNOCO,Lock Haven,PA,41.1425,-77.4436,3.599
TURNPIKE MARKET EXPRESS,Newton Falls,OH,41.191,-80.9701,3.259
GILL MART CORNER STORE,Three Rivers,MI,41.9596,-85.6371,3.699
LOVES TRAVEL STOP #793,Mount Juliet,TN,36.1949,-86.51045,3.25233333
PLATEU TRAVEL PLAZA,Madras,OR,44.6376,-121.1349,3.359
RACEWAY #6898,Yulee,FL,30.62275,-81.5904,3.27066666
CIRCLE K #2702344,Williston,SC,33.3926,-81.4161,3.799
MAVERIK COUNTRY STORE #637,SALINA,UT,38.956,-111.8811,3.44233333
7-ELEVEN #41219,Laurens,SC,34.499,-82.0143,3.099
KWIK TRIP #1074,Somerset,WI,45.1331,-92.6865,3.524
Speedway #7764,Dundee,IL,42.0962,-88.2902,3.279
Kwik Star #589,Marion,IA,42.0411,-91.5941,3.524
COMMUNITY CO OPS LAKE PARK,Lake Park,MN,46.8176,-96.067,3.509
Sunoco,Greenville,OH,40.0987,-84.6342,3.599
KARDES,Monticello,IA,42.2326,-91.1989,3.399
BP,Eddyville,IA,41.1533,-92.6221,3.379
HOBO PANTRY #29,Gordon,AL,31.1002,-85.1234,3.659
GAS N WASH,Chicago Heights,IL,41.5074,-87.613,3.499
THORNTONS #329,Romeoville,IL,41.6404,-88.0696,3.309
DANDY MINI MART #74,Wysox,PA,41.7826,-76.3834,3.999
FOOD N FUEL,Elwood,IL,41.426,-88.0864,3.499
SHEPHERD 700,Alva,OK,36.8016,-98.6722,3.219
SPARKYS ONE STOP,Rockwell City,IA,42.3961,-94.6292,3.21566666
Stuckeyâ€™s Travel Center West,Anahuac,TX,29.662,-94.593,2.80733333
KWIK TRIP #1067,Phillips,WI,45.6975,-90.4041,3.31566666
BERKSHIRE ENERGY,New Haven,CT,41.314729,-72.927325,3.549
HUCKS FOOD & FUEL #338,Vincennes,IN,38.6734,-87.5098,3.959
CEFCO #101,Jefferson,TX,32.8059,-94.3655,2.899
ENMARKET #828,Pooler,GA,32.1149,-81.252,3.08233333
GAS PRO TRAVEL CENTER,Waynesboro,GA,33.1013,-81.9908,3.799
QUIKTRIP #1177,Blythewood,SC,34.1911,-80.9758,3.07566666
ALLSUPS CONVENIENCE STORE #2376,Vaughn,NM,34.6241,-105.1926,3.499
LUMMI BAY MARKET,Bellingham,WA,48.75216,-122.46446,3.759
CASEYS #3901,Lexington,IL,40.6357,-88.8062,3.339
CASEYS #3904,Manning,IA,41.9072,-95.0556,3.209
CASEYS #3675,Ortonville,MN,45.3296,-96.4596,3.379
CASEYS #2968,Eagle,NE,40.8169,-96.429,3.239
CASEYS #3910,Perkins,OK,35.9768,-97.0441,3.01566666
CASEYS #1892,Sheffield,IA,42.8779,-93.2156,3.15233333
KOUNTRY KORNER,Mount Pleasant,MI,43.6022,-84.822767,3.619
KWIK TRIP #1083,Osceola,WI,45.3218,-92.6971,3.499
KWIK TRIP #489,DUNDAS,MN,44.3955,-93.2037,3.499
KWIK TRIP #1299,Sussex,WI,43.1441,-88.2271,3.28566666
CIRCLE K #4706316,Caledonia,MI,42.8187,-85.5244,3.639
CIRCLE K #4705694,Norwalk,OH,41.2403,-82.6078,3.614
DANDY MINI MART #68,Elmira,NY,42.10554,-76.8188,3.899
DANDY MINI MART #59,Middlebury Center,PA,41.8664,-77.3128,3.999
PALMETTO EXPRESS #115,Gaston,SC,33.8337,-81.1174,3.199
LOVES TRAVEL STOP #879,Huntington,IN,40.8811,-85.5054,3.50066666
ZIPPY JS #18,Brenham,TX,30.17215,-96.40025,3.199
COMO TRAVEL CENTER,Como,MS,34.5137,-89.9155,3.079
LOVES TRAVEL STOPS #888,Green River,WY,41.5196,-109.4714,3.589
ASAP GENERAL STORE #308,Bartlesville,OK,36.734825,-95.948,3.191
ASAP GENERAL STORE #301,Geary,OK,35.6217,-98.3905,3.13233333
ASAP GENERAL STORE #302,Thomas,OK,35.7382,-98.7388,3.13233333
ASAP GENERAL STORE #304,Arnett,OK,36.0522,-99.6514,3.23233333
CITGO SAMS FOOD STORE,Hartford,CT,41.781483,-72.698781,3.499
JACKSONS FOOD STORES #138,Yerington,NV,38.9866,-119.1596,3.679
GAS N WASH,Tinley Park,IL,41.57305,-87.8196,3.499
KUM & GO #0138,Jacksonville,AR,34.8926,-92.126,3.099
KUM & GO #0429,Rogers,AR,36.3284,-94.129267,3.009
GOOD 2 GO #713 DBA ONE9 #1432,Brighton,CO,39.9527,-104.8228,3.199
MAVERIK #5319,Windsor,CO,40.4806,-104.9004,3.159
Maverik Country Store #5337,Huxley,IA,41.8994,-93.6024,3.09233333
KUM & GO #0185,Bondurant,IA,41.7017,-93.4527,3.095
KUM & GO #1568,Waynesville,MO,37.7676,-92.2105,3.099
CHEVRON FOOD MART #20,Scooba,MS,32.8402,-88.4883,3.199
THE PRIDE OF PALATINE,Palatine,IL,42.112371,-88.0281,3.399
THE PRIDE OF LAKE COUNTY,Lake Zurich,IL,42.2165,-88.0769,3.349
GATEWAY TRAVEL CENTER,Newcastle,WY,43.8511,-104.2262,3.324
CHEVRON #352305,Chalmette,LA,29.9571,-89.95625,3.139
Petro-Card 24 #911290,Mound City,MO,40.1362,-95.2138,3.149
LOVES TRAVEL STOP #764,Hillsboro,TN,35.3699,-85.9724,3.32566666
LOVES TRAVEL STOP #848,Sandersville,MS,31.7909,-89.0414,3.16233333
QUIKTRIP #4066,Devine,TX,29.1521,-98.909,2.96566666
Fuel N Treat,Nelson,MO,39.0104,-93.0311,3.284
SIGNAL FOOD STORE #120,Seymour,MO,37.1667,-92.7857,3.02566666
FARMERS UNION SOUTHERN VALLEY,Wahpeton,ND,46.2912,-96.6687,3.499
LOVES TRAVEL STOP #846,Irvington,AL,30.4802,-88.2396,3.16566666
LOVES TRAVEL STOP #881,Diamond,OH,41.0935,-81.0425,3.45233333
Una Travel Center,Roseville,MI,42.5034,-82.9387,3.899
LOVES TRAVEL STOP #892,Etna,OH,39.9572,-82.6837,3.46066666
U SAVE FOOD STORES 1,Richwood,WV,38.223,-80.5445,3.599
LOVES TRAVEL STOP #787,Mosheim,TN,36.1839,-82.9674,3.55566666
MAVERIK COUNTRY STORE #650,West Jordan,UT,40.608333,-111.991067,3.43233333
MAVERIK COUNTRY STORE #672,Dewey,AZ,34.5368,-112.2567,3.219
ALLSUPS CONVENIENCE STORE #2272,Bangs,TX,31.7503,-99.1568,2.93233333
Kwik Trip #1506,Fort Atkinson,WI,42.9229,-88.8467,3.57733333
Pride (One9 Fuel Network) #1213,Yucca,AZ,34.8722,-114.1494,3.559
Loves Travel Stop #889,Holly Springs,MS,34.75735,-89.4692,3.31566666
SHEETZ #700,Groveport,OH,39.896167,-82.930067,3.059
HUCKS FOOD & FUEL #351,Salem,IL,38.6264,-88.9481,3.099
MOUNTAINEER MART #33,Buckhannon,WV,38.9755,-80.2407,3.899
QUIKTRIP #1923,Corsicana,TX,32.047633,-96.456533,2.849
Atlanta IL Visitors Center,Atlanta,IL,40.2586,-89.23,3.399
KWIK TRIP #1132,Omro,WI,44.0357,-88.7519,3.37733333
LOVES TRAVEL STOP #872,Lancaster,OH,39.7187,-82.6031,3.27566666
CIRCLE K #2722120,Summerfield,FL,29.0046,-82.0243,3.52566666
LOVES TRAVEL STOP  #821,Durant,OK,33.96405,-96.28825,3.489
KWIK TRIP #1062,West Bend,WI,43.4331,-88.1904,3.55566666
LOVES TRAVEL STOP  #800,Elk Grove Village,IL,42.00575,-87.9817,3.379
LOVES TRAVEL STOP #868,Mims,FL,28.6974,-80.8663,3.689
TA EXPRESS EDGERTON #284,Edgerton,KS,38.7811,-95.0094,3.699
Kwik Star #1119,Emmetsburg,IA,43.1082,-94.6825,3.449
KWIK TRIP #1101,Crivitz,WI,45.2617,-88.078,3.304
MAVERIK COUNTRY STORE #517,Orem,UT,40.26735,-111.655675,3.44066666
IRVING,Norwood,MA,42.1868,-71.2033,3.694
JORDAN MINI MART,Jordan,NY,43.0651,-76.4598,3.799
ALLSUPS CONVENIENCE STORE #2229,Stephenville,TX,32.21835,-98.2152,3.159
KWIK TRIP #755,Fennimore,WI,42.9886,-90.655,3.424
KWIK TRIP #180,New Ulm,MN,44.3044,-94.4644,3.349
CASEYS #3505,Stewart,MN,44.7259,-94.4516,3.369
ALLSUPS CONVENIENCE STORE #2014,Dublin,TX,32.0909,-98.3455,3.159
CEFCO #2081,Post,TX,33.2017,-101.3922,2.94233333
ALLSUPS CONVENIENCE STORE #2128,Clyde,TX,32.3803,-99.5184,2.889
ALLSUPS CONVENIENCE STORE #2204,Wink,TX,31.7527,-103.1561,3.089
ALLSUPS CONVENIENCE STORE #2207,Comanche,TX,31.9116,-98.6082,3.159
ALLSUPS CONVENIENCE STORE #2246,Melrose,NM,34.4479,-103.6325,3.81233333
ALLSUPS CONVENIENCE STORE #2358,Wall,TX,31.3741,-100.3076,3.20566666
COLES BP,Brownsville,WI,43.6028,-88.523,3.099
Simonson Station,Park Rapids,MN,46.9377,-95.0383,3.599
7-ELEVEN #41127,Labelle,FL,26.7477,-81.4364,3.559
KWIK TRIP #1112,Hayward,WI,45.9552,-91.2783,3.639
KWIK TRIP #346,Beaver Dam,WI,43.4616,-88.8407,3.19566666
Caseys #3940,Ashley,IN,41.5347,-85.0504,3.59733333
CASEYS #3944,Tea,SD,43.4711,-96.8177,3.199
CASEYS #3907,Fairborn,OH,39.8053,-84.0198,3.679
CASEYS #3952,Hoopeston,IL,40.4639,-87.6662,3.189
CASEYS #3850,Wahoo,NE,41.2117,-96.6219,3.174
Loves Travel Stop #834,Grant Park,IL,41.2477,-87.648,3.329
CASEYS #3303,Kimball,MN,45.3436,-94.3028,3.199
KWIK TRIP #340,Dodgeville,WI,42.97295,-90.14085,3.489
RACEWAY #6971,Leesburg,GA,31.6812,-84.1593,3.109
KWIK STAR #1089,Polk City,IA,41.7549,-93.6893,3.159
Loves Travel Stop  #809,Bates City,MO,39.0219,-94.0798,3.22066666
FIREBIRD FUEL #6196,Surprise,AZ,33.6378,-112.38538,3.383
Flyers #3216,Apache Junction,AZ,33.38165,-111.4884,3.42233333
KWIK TRIP #1140,Belleville,WI,42.8669,-89.5377,3.604
QUIKTRIP #7144,Goodlettsville,TN,36.3324,-86.71725,2.91566666
KWIK STAR #1154,Sheldon,IA,43.1808,-95.8401,3.199
LOVES TRAVEL STOP #810,Bellefontaine,OH,40.3605,-83.7571,3.35233333
KWIK TRIP #612,Winneconne,WI,44.1187,-88.7214,3.53233333
MAVERIK COUNTRY STORE #664,Los Lunas,NM,34.7806,-106.7115,3.20233333
ALLSUPS CONVENIENCE STORE #2016,Morton,TX,33.7251,-102.7594,3.399
ALLSUPS CONVENIENCE STORE #2043,Idalou,TX,33.6504,-101.6786,2.96566666
ALLSUPS CONVENIENCE STORE #2075,Crowell,TX,33.9912,-99.6983,3.199
ALLSUPS CONVENIENCE STORE #2082,Spur,TX,33.479,-100.8571,3.199
ALLSUPS CONVENIENCE STORE #2101,Fritch,TX,35.6441,-101.5845,3.149
ALLSUPS CONVENIENCE STORE #2111,Texline,TX,36.374,-102.9845,2.96566666
ALLSUPS CONVENIENCE STORE #2185,Aspermont,TX,33.1301,-100.2344,3.36566666
ALLSUPS CONVENIENCE STORE #2192,Silverton,TX,34.4641,-101.3169,3.159
ALLSUPS CONVENIENCE STORE #2212,Stamford,TX,32.9453,-99.7859,3.129
ALLSUPS CONVENIENCE STORE #2276,Hermleigh,TX,32.6294,-100.7547,2.97233333
ALLSUPS CONVENIENCE STORE #2378,Electra,TX,34.0362,-98.9155,2.999
PILOT #1292,Paige,TX,30.1858,-97.1198,3.499
KWIK TRIP #1141,Luxemburg,WI,44.5506,-87.7156,3.48233333
RACETRAC #118,Jasper,GA,34.462,-84.4759,3.309
Loves Travel Stop #843,Drayton,ND,48.6104,-97.2156,3.56566666
Circle K #2709088,Lancaster,SC,34.738567,-80.734067,3.299
NEW TRAVEL PLAZA,Ruston,LA,32.554367,-92.6472,3.06566666
SPEEDWAY/7fleet #1052,Orrville,OH,40.8458,-81.7741,3.499
KWIK TRIP #1143,Antigo,WI,45.1314,-89.1419,3.50733333
KWIK TRIP #1130,Mount Horeb,WI,43.002,-89.7414,3.589
KWIK TRIP #1114,Holmen,WI,43.9761,-91.2497,3.33066666
MAPLEFIELDS IRVING,Saint Johnsbury,VT,44.4272,-72.0051,3.599
RACETRAC #2601,Frankfort,KY,38.226056,-84.8739,2.919
LOVES TRAVEL STOP #817,Santa Teresa,NM,31.8394,-106.6821,3.26233333
LOVES TRAVEL STOP #833,Ripley,NY,42.2482,-79.7121,3.879
SPEEDWAY/7Fleet #9305,Forrest City,AR,35.0086,-90.7892,3.174
Y NOT STOP BARBER SPUR,Ville Platte,LA,30.6924,-92.2737,3.499
BERT'S TRAVEL PLAZA,Wellsville,KS,38.7137,-95.0916,3.31566666
CIRCLE K #2706625,Eaton,CO,40.5273,-104.7146,3.399
KWIK TRIP #1167,Thorp,WI,44.9573,-90.8029,3.45233333
ALLSUPS CONVENIENCE STORE #2228,Tuscola,TX,32.235,-99.8244,2.91733333
CIRCLE K #2709675,Hatch,NM,32.6583,-107.159,3.799
Kwik Star #1081,Decorah,IA,43.3227,-91.7939,3.579
GRAB N GO,Killdeer,ND,47.4109,-102.7762,3.549
PRIDE CONVENIENCE STORE,East Granby,CT,41.9322,-72.7459,3.649
QUIKTRIP #294,Gardner,KS,38.8075,-94.9157,2.999
RACETRAC #2595,Alabaster,AL,33.1934,-86.7944,2.999
ALLTOWN FRESH,Livingston,NY,42.1421,-73.7574,3.659
TA SPRINGER,Springer,NM,36.3767,-104.5927,3.529
THE WOODSHED,Welch,OK,36.902,-95.1295,3.099
ALLSUPS #2379,Tinnie,NM,33.3706,-105.2264,3.359
Allsups #2380,Sudan,TX,34.0697,-102.5255,3.199
Allsups #2381,Azle,TX,32.8996,-97.5524,2.919
FLYERS #3223,Safford,AZ,32.81325,-109.6894,3.86233333
Allsups #2396,Wolfforth,TX,33.5059,-102.0091,2.91566666
QUIKTRIP #73,Henryetta,OK,35.4622,-96.0122,3.02566666
FRIENDLY GUS #25,Dudley,GA,32.5259,-83.0899,3.83233333
HUTCHS #128,Anadarko,OK,35.0728,-98.2429,2.999
ALLSUPS CONVENIENCE STORE #2382,Mineral Wells,TX,32.8085,-98.1128,2.94566666
CIRCLE K #2709087,Chiefland,FL,29.4717,-82.8681,3.58233333
Circle K #2706637,Grove Hill,AL,31.7088,-87.7772,3.719
QUIKTRIP #1730,Forsyth,GA,33.0508,-83.9362,3.089
KWIK TRIP #1139,Cambridge,MN,45.5576,-93.2889,3.399
CIRCLE K #2701524,Pilot Mountain,NC,36.4109,-80.4921,3.429
Loves Travel Stop #819,Rincon,GA,32.296,-81.2354,3.33066666
HORSESHOE #4,Smyer,TX,33.5918,-102.1692,2.959
PAR MAR FOOD STORE #13,Hannibal,OH,39.6673,-80.872,3.899
RACETRAC #2544,Bethlehem,GA,33.9261,-83.7282,3.31233333
Allsups Convenience Store #2385,Breckenridge,TX,32.7532,-98.9099,3.30733333
ALLSUPS CONVENIENCE STORE #2405,Robert Lee,TX,31.8951,-100.5104,3.26566666
MAVERIK COUNTRY STORE #701,Durango,CO,37.2261,-107.877567,3.299
79 ONE STOP,Saint Croix,IN,38.1834,-86.6058,3.499
CASEYS #3268,Appleton,MN,45.2054,-95.9949,3.44566666
PUMP & PANTRY #33,Genoa,NE,41.4468,-97.764,3.289
Allsups #2388,Canyon,TX,34.97875,-101.92175,2.90066666
Circle K#2746513,Savage,MN,44.7615,-93.3434,3.799
7-ELEVEN #41573,Glen Rose,TX,32.2298,-97.7629,3.589
Alexs Shelby Truck Stop,Shelby,MS,33.9491,-90.7625,3.199
WASPYS TRUCK STOP,Audubon,IA,41.73,-94.9164,3.31566666
KWIK TRIP #1108,Colgate,WI,43.1998,-88.2406,3.24733333
ALLSUPS #2399,Claude,TX,35.0967,-101.3813,2.929
Kwik Star #1142,Iowa City,IA,41.640117,-91.5539,3.134
QUARLES #4437,Lancaster,PA,40.040745,-76.309118,3.999
KWIK STAR #1180,Perry,IA,41.8397,-94.1022,3.06066666
Kwik Trip #1199,Darien,WI,42.5973,-88.7508,3.199
7-ELEVEN 42279,Keenesburg,CO,40.0958,-104.4464,3.149
Allsups Convenience Store #2406,Rankin,TX,31.2266,-101.9441,3.499
Kwik Trip #1152,Saint Peter,MN,44.3351,-93.9811,3.724
Racetrac #2312,Acworth,GA,34.07315,-84.61855,3.209
KWIK TRIP #1196,Platteville,WI,42.7393,-90.4854,3.514
SPRINT FOOD STORE #733,Harlem,GA,33.417,-82.3097,3.599
DUCK THRU FOOD STORE #60,Spring Hope,NC,35.9302,-78.1085,3.469
BREAK TIME #3170,Bolivar,MO,37.6085,-93.4126,3.374
Kwik Trip #1137,Saint Croix Falls,WI,45.5097,-92.6117,3.524
CASEYS #4292,Carrollton,IL,39.3009,-90.4092,3.239
SHEETZ #751,Donegal,PA,40.0996,-79.381,3.259
PUMP & PANTRY #55,Falls City,NE,40.0742,-95.5931,3.239
KWIK TRIP #1174,Ironwood,MI,46.4638,-90.1588,3.139
Space Age #202,Castle Rock,WA,46.2783,-122.9139,3.659
Stuckeys Travel Plaza,Newburg,MO,37.9008,-91.8807,2.97233333
KWIK TRIP #1198,Oostburg,WI,43.6229,-87.797,3.24233333
Kweik Star #1156,Oelwein,IA,42.6811,-91.9131,3.58233333
KWIK TRIP #1128,Altoona,WI,44.8021,-91.4382,3.33233333
TA EXPRESS RIVERTON #433,Riverton,IL,39.8663,-89.5087,3.409
DK,Lenorah,TX,32.3046,-101.8762,3.53233333
MARKER 126,Duncombe,IA,42.4493,-94.0592,3.059
KWIK TRIP #1183,Bessemer,MI,46.4802,-90.0515,3.139
KWIK TRIP #1188,Cokato,MN,45.0748,-94.1911,3.474
KWIK TRIP #1282,Sturgeon Bay,WI,44.8438,-87.3753,3.50733333
Circle K #2706636,Jackson,AL,31.5131,-87.8672,3.899
RUTTERS #24,Brogue,PA,39.8608,-76.4673,4.099
NEON MARKETPLACE,Fall River,MA,41.69712,-71.15208,3.949
ALLSUPS #2424,Millsap,TX,32.7457,-97.9561,2.984
CEDAR GROVE OASIS,Cedar Grove,WI,43.5751,-87.8401,3.239
KWIK TRIP #1164,Spooner,WI,45.8505,-91.9155,3.599
CASEYS #4481,Denison,TX,33.73095,-96.53655,2.93566666
ALLSUPS #2415,Meridian,TX,31.929,-97.6443,2.96566666
PILOT #1347,Pearl River,LA,30.3944,-89.7732,3.164
SHEETZ #745,Madison,OH,41.8054,-81.0588,3.08233333
MPC #30,Saint James,MO,38.0056,-91.6076,2.98566666
RACETRAC #2456,Lecanto,FL,28.85545,-82.49815,3.31566666
KWIK TRIP #1133,Durand,WI,44.63,-91.9295,3.43066666
KWIK TRIP #1182,Hugo,MN,45.1824,-92.9452,3.37733333
LOVES TRAVEL STOP #861,Loudon,TN,35.7292,-84.3436,3.58733333
Food N Fuel,New Lenox,IL,41.5067,-87.9631,3.399
QUIKTRIP #4178,Hutto,TX,30.5257,-97.5672,2.91566666
KJS ALPINE,Alpine,WY,43.1635,-111.018,3.799
Payson Cardlock,Payson,AZ,34.23865,-111.2878,3.709
Loves Travel Stop #867,Normal,IL,40.51135,-88.99315,3.389
ALLSUPS #2412,Springtown,TX,32.966,-97.6836,2.919
MAVERIK COUNTRY STORE #706,Castle Dale,UT,39.2122,-111.0196,3.439
FUEL CITY WYLIE,Wylie,TX,33.0041,-96.5394,2.96566666
Circle K #4702456,Martinsville,IN,39.4776,-86.4668,3.599
HUCKS FOOD & Fuel #309,Hopkinsville,KY,36.86385,-87.48815,3.474
PARKERS #72,Moncks Corner,SC,33.1971,-80.0233,3.25566666
THE SPORTSMAN 2 TRAVEL PLAZA,Sanger,TX,33.3563,-97.1814,2.97566666
Plaza of The Flint Hills,Alma,KS,39.0092,-96.2923,3.299
JIFFY,Shippenville,PA,41.2475,-79.4332,4.13233333
QUIKTRIP #186,Grandview,MO,38.8819,-94.5205,3.199
MCCLURE OIL #60,Logansport,IN,40.7604,-86.3599,3.799
KWIK TRIP #1173,Waconia,MN,44.851,-93.7784,3.60733333
Allsups #102450,Eden,TX,31.2192,-99.8407,3.179
19 AND 75 FILLING STATION,Ivanhoe,MN,44.4633,-96.2473,3.394
24 STORE SHELBY,Shelby,OH,40.8784,-82.6549,3.499
77/36 DUCHESS,Newcomerstown,OH,40.2739,-81.594,3.299
7-ELEVEN #39448,Mount Crawford,VA,38.3457,-78.8957,3.31566666
ALEX'S TRUCK STOP,Tunica,MS,34.6884,-90.3685,3.299
B&M Quickstop,Mineral Point,MO,37.9156,-90.7193,3.699
BELL STORES,Dover,OH,40.5343,-81.4763,3.399
BELL STORES #54,Mount Eaton,OH,40.6949,-81.7026,3.499
BELLSTORES,Galion,OH,40.7303,-82.7939,3.499
CIRCLE K #2709989,Sheridan,AR,34.3165,-92.3657,3.599
BLACK DIAMOND TRAVEL CENTER,Unicoi,TN,36.2066,-82.322,3.40233333
BLOC STOP TRAVEL CENTER,ALBANY,GA,31.564144,-84.164589,3.799
BLONDIES FOOD AND FUEL,Grand Ridge,FL,30.7148,-85.021,3.59066666
BOUND BROOK BP,Bound Brook,NJ,40.5681,-74.5397,3.249
BOWMAN,Williamsport,MD,39.593,-77.8087,3.83233333
BP,Christiansburg,VA,37.14505,-80.4186,3.799
BP,Sugar Grove,IL,41.7741,-88.4397,3.599
MAVERIK COUNTRY STORE #665,Magna,UT,40.7009,-112.0809,3.399
Brew #12,Correctionville,IA,42.4743,-95.7804,3.559
C AND W GLOBAL,Winter Garden,FL,28.549733,-81.594367,3.074
TA Express Fairview #943,Fairview,KS,39.8445,-95.711,3.299
Chevron,Clines Corners,NM,35.0095,-105.6692,3.41566666
BP,Maribel,WI,44.2852,-87.8055,3.249
7-ELEVEN #41287,Immokalee,FL,26.3243,-81.45995,3.679
7-ELEVEN #41309,Nokomis,FL,27.1412,-82.45815,3.379
7-ELEVEN #41578,Seaford,DE,38.6404,-75.6041,3.359
CIRCLE K #4707123,Canaan,ME,44.745,-69.5498,3.759
CASHS #4469,Warren,AR,33.614,-92.0778,3.499
CEFCO #1059,Kemp,TX,32.2486,-96.2161,2.909
CEFCO #1081,Queen City,TX,33.1557,-94.1537,3.024
CEFCO #2082,Cross Plains,TX,32.1482,-99.1872,3.159
CEFCO #30,Lott,TX,31.1925,-97.0581,3.011
CEFCO #65,Gatesville,TX,31.41178,-97.79312,2.96566666
CENEX,Richardton,ND,46.8426,-102.292,3.509
CENEX,Fessenden,ND,47.6286,-99.6434,3.531
CENEX,Tioga,ND,48.3646,-102.9576,3.57566666
CENEX HARWOOD,Harwood,ND,46.9565,-96.9654,3.359
CHEVRON,McComb,MS,31.21035,-90.4274,3.28233333
CHEVRON,Hosford,FL,30.3639,-84.8054,3.299
CHEVRON,Blountstown,FL,30.4394,-85.062,3.299
MAVERIK COUNTRY STORE #710,Helper,UT,39.6737,-110.856,3.44566666
CHEVRON,Guntown,MS,34.4563,-88.6975,3.299
CIRCLE K #2741822,Castroville,TX,29.3553,-98.8824,2.91233333
PARKERS #92,Guyton,GA,32.314,-81.3896,2.999
CIRCLE K #2723791,Graham,NC,36.031,-79.3814,3.609
COLDWATER TRAVEL CENTER,Coldwater,MS,34.6924,-89.9869,3.099
STRIPES #2146,Ingleside,TX,27.8682,-97.2069,3.299
COUNTRYMARK,Bluffton,IN,40.7368,-85.1622,3.76566666
DANDY MINI MART #60,Troy,PA,41.7781,-76.7711,3.999
DELT EXPRESS,SAMSON,AL,31.1049,-86.0674,3.699
CASEYS #4567,Columbia,KY,37.1161,-85.2656,3.159
DUCK THRU FOOD STORE #54,Columbia,NC,35.9057,-76.2345,3.523
DUCK THRU FOOD STORE #57,Pinetops,NC,35.7885,-77.6378,3.574
LOVES TRAVEL STOP #170,CHANDLER,OK,35.7017,-96.8809,3.08733333
Loves Country Store #118,Wynnewood,OK,34.6385,-97.177,2.989
FARMERS UNION OIL OF CARPIO,Carpio,ND,48.4323,-101.7119,3.384
Flyers #3219,Claypool,AZ,33.4154,-110.8149,3.849
FRIENDSHIP FOOD & FUEL,Ecru,MS,34.3366,-89.0109,3.799
TRUE NORTH #325,Elyria,OH,41.38695,-82.0911,3.679
GAS N WASH,HOMER GLEN,IL,41.6028,-87.9599,3.599
Gas N Wash Cicero,Berwyn,IL,41.8347,-87.7914,3.569
KWIK TRIP #1115,Turtle Lake,WI,45.4213,-92.1781,3.65566666
GET GO #3016,Monaca,PA,40.6718,-80.2917,5.499
GETGO #7520,Edinburgh,IN,39.3626,-85.9707,3.359
GETGO #7526,Yorktown,IN,40.1836,-85.496,3.343
GILBERTS SHELL,Gilberts,IL,42.0984,-88.3691,3.279
Gulf,Parkman,OH,41.3706,-81.0651,3.649
HANA TRAVEL CENTER,Winfield,TX,33.1673,-95.1119,3.079
Caseys #4023,Phillipsburg,KS,39.7623,-99.3328,3.29233333
JP ZEBULON,Zebulon,GA,33.1002,-84.3108,3.135
IVOR MART,Hopewell,VA,37.2876,-77.295,3.699
J AND R MARKET,Sour Lake,TX,30.1491,-94.3733,3.159
Jet Food Store,Soperton,GA,32.3869,-82.5871,3.41566666
JET FOOD STORE #93,Vidalia,GA,32.18545,-82.3903,3.43233333
JIFFY TRIP #142,Newkirk,OK,36.84,-97.0561,3.059
JORDANS KWIK STOP #5,Portia,AR,36.0865,-91.0673,3.37566666
JORDANS KWIK STOP #52,Pocahontas,AR,36.2829,-90.9968,3.31233333
KENJO MARKET #52,Maryville,TN,35.724475,-83.98205,3.249
Krazy K's,Buckatunna,MS,31.5391,-88.5289,3.149
KWIK FILL,Hillsborough,NJ,40.4775,-74.6272,3.399
STRIPES # 41977,La Feria,TX,26.1666,-97.8261,3.219
LAWTEY SHELL SERVICE,Lawtey,FL,30.0472,-82.1055,3.599
ALLSUPS #2410,Whitney,TX,31.9713,-97.3463,2.96566666
LITTLEFIELD EXPRESS #4,Muldrow,OK,35.402,-94.6332,3.419
LITTLEFIELD EXPRESS #7,Cave City,AR,35.9517,-91.5444,3.349
MARATHON,Middletown,OH,39.5236,-84.39395,3.21566666
Minuteman Food Mart #37,Leland,NC,34.268,-78.0578,3.389
MASSEY FUEL,Bridgeport,CT,41.18047,-73.19451,3.399
MERRIMAN COUNTRY STORE,Allen,OK,34.8691,-96.4151,3.099
Mobil,Riverdale,IL,41.6496,-87.6301,3.699
MORGAN OIL,Lowellville,OH,41.0503,-80.5416,3.399
MOTOMART #3369,Saint Charles,MO,38.771325,-90.53955,3.04233333
MPC #99A,Hazelwood,MO,38.7809,-90.3669,3.059
Swift Mart,Grenada,MS,33.77205,-89.80855,3.36566666
MUDD CREEK COUNTRY STORE,Franklin,TX,31.0001,-96.5171,3.194
CITGO,Princeton,NC,35.4558,-78.1674,3.699
Pit Stop #14,Worland,WY,44.0138,-107.9563,3.829
QUICK FILL,Eastaboga,AL,33.6031,-85.9608,3.099
RAINY LAKE OIL,International Falls,MN,48.601,-93.411,3.379
SHEETZ #144,Moorefield,WV,38.9907,-78.9745,3.289
REBEL GAS MART,Oxford,MS,34.3308,-89.4835,3.049
RENO JUNCTION TRAVEL PLAZA,Wright,WY,43.7512,-105.492,3.509
RICKY ROCKETS FUEL,HICKORY HILLS,IL,41.7262,-87.8289,3.899
ROC ONE STOP #1,Galatia,IL,37.8274,-88.6235,3.559
ROYAL FARMS #108,Cape Charles,VA,37.2799,-75.9721,3.47233333
ROYAL FARMS #191,Hunt Valley,MD,39.4844,-76.65455,4.199
ROYAL FARMS #311,Nottingham,MD,39.3914,-76.4871,3.269
SHELL,Warren,ME,44.1271,-69.2479,3.999
DUCK THRU #55,Windsor,NC,36.0159,-76.9336,3.239
SHELL,Shannon,MS,34.121,-88.7342,3.199
SPARTAN FUELS,Columbus,GA,32.489893,-84.928814,3.309
SHELL SERVICE STATION,Pulaski,TN,35.2093,-87.0393,3.209
SHELL SERVICE STATION,Elgin,IL,42.04192,-88.30802,3.279
SHORT STOP,Santa Anna,TX,31.7215,-99.3212,3.499
STAR 001,SOUTH BEND,IN,41.663575,-86.263838,3.73233333
STOP N GAS,Yorkshire,NY,42.5247,-78.4755,4.099
SUN DO,Maxton,NC,34.7334,-79.3097,3.439
AMOCO,Clarence,IA,41.8896,-91.0605,3.399
SUNOCO,Edgewood,MD,39.4277,-76.3055,3.299
SUNOCO,Bronx,NY,40.848988,-73.878148,4.539
CUSSETA TRAVEL CENTER,Cusseta,GA,32.299,-84.7645,3.199
CASEY'S #4522,Hennessey,OK,36.0868,-97.8926,3.059
Union 76,Mc Alpin,FL,30.1509,-82.9662,3.659
SUNSTOP #336,Lake Butler,FL,30.0035,-82.3828,3.59233333
SWIFT,Nederland,TX,29.9716,-94.0012,2.98566666
T & M FOOD STORE,Taylorsville,GA,34.1229,-84.9739,3.367
TEXACO,Pennington,AL,32.2094,-88.049,3.19733333
RACETRAC #2387,Hudson,FL,28.359933,-82.665967,3.31566666
THORNTONS #221343,Crystal Lake,IL,42.273933,-88.368733,3.449
THORNTONS #221344,Mchenry,IL,42.34265,-88.26245,3.649
TUPELO TRAVEL STOP,Tupelo,OK,34.5598,-96.4274,2.999
TXB #82 DBA KWIK CHEK FOOD STORES,Asherton,TX,28.4364,-99.7486,3.259
UNITED MARKET,Blackshear,GA,31.2931,-82.2617,3.76566666
VALLEY MART #05,Hondo,TX,29.3475,-99.1414,3.199
WHITE RIVER,Bloomfield,IN,39.0295,-86.8675,3.759
WOLF DEN,Wapato,WA,46.4507,-120.4265,3.409
YAKAMART,Toppenish,WA,46.3751,-120.3305,3.509
Y-NOT STOP,Oakdale,LA,30.8172,-92.664,3.699
MARATHON,Albion,MI,42.2581,-84.7561,3.699
7-ELEVEN #34718,Hinsdale,IL,41.8199,-88.0087,3.719
7-ELEVEN #34709,Dekalb,IL,41.9008,-88.7548,4.439
PUMP & PANTRY #22,Burwell,NE,41.808,-99.0995,3.299
PUMP & PANTRY #18,Doniphan,NE,40.77,-98.379,3.30733333
CHEVRON #352416,Jacumba,CA,32.6249,-116.1952,6.399
Eastland Truck Stop,Eastland,TX,32.3994,-98.8071,2.93233333
Rusty Lantern,Turner,ME,44.2557,-70.2494,3.899
Rusty Lantern,West Paris,ME,44.3253,-70.5732,3.96566666
EB SUNOCO,Muncie,IN,40.197586,-85.403243,3.799
EXXPRESS MART #12,Lumberton,TX,30.2818,-94.2191,2.959
Williams Fuel Stop,Gallipolis,OH,38.8148,-82.229,3.54066666
RACETRAC #2624,Marathon,FL,24.7279,-81.0386,3.23566666
HAN DEE HUGOS #21,Winnabow,NC,34.1553,-78.0558,3.41233333
HAN DEE HUGOS #5,Bladenboro,NC,34.5658,-78.7793,3.20566666
JOURNEY FOOD STORE #2,Callahan,FL,30.552,-81.8145,3.399
KELLEYS MARKET,Cherry Valley,IL,42.2206,-88.9619,3.699
MINUTEMAN FOOD MART #18,Tar Heel,NC,34.7465,-78.8134,4.619
PATRIOT FUELING CENTER,Lineville,AL,33.3286,-85.7346,3.299
Yesway #1203,Clifton,TX,31.7918,-97.5203,2.969
RENFROE STORE,Carthage,MS,32.7852,-89.5241,4.099
Ricky Rockets,Itasca,IL,41.972,-88.0202,3.399
Tropic Oil,Moab,UT,38.5677,-109.5271,4.169
QUIKTRIP #7208,Bellwood,IL,41.8825,-87.8786,3.079
Rutters #84,Emmitsburg,MD,39.694,-77.3357,3.91566666
SHEETZ #165,Coudersport,PA,41.7762,-77.9567,3.699
SHEETZ #239,New Stanton,PA,40.2192,-79.6095,3.28566666
SHEETZ #597,Hickory,NC,35.708633,-81.325767,2.859
SHELL SERVICE STATION,Morrison,TN,35.6029,-85.9197,3.499
Springerville Cardlock,Springerville,AZ,34.1702,-109.3315,3.259
Loves Travel Stop #885,Harlingen,TX,26.203375,-97.713125,3.649
CASEYS #4323,Wanamingo,MN,44.3121,-92.8103,3.499
RUTTERS FARM STORE #80,Orwigsburg,PA,40.6431,-76.084,3.859
Circle K #4700047,Austin,IN,38.7478,-85.7962,3.799
PILOT #1380,Mercedes,TX,26.1513,-97.9185,3.659
MAVERIK COUNTRY STORE #657,Washington,UT,37.1364,-113.505,3.42566666
CIRCLE K #2709098,Greeley,CO,40.403067,-104.719583,3.21066666
7-ELEVEN #42132,Lytle,TX,29.2366,-98.7945,3.599
Bowie Travel Center Chevron dba One9 #1411,Bowie,AZ,32.3265,-109.487,3.014
GAS N WASH,Plano,IL,41.667,-88.5384,3.499
CASEYS #4273,Madison,IN,38.7649,-85.407,3.699
STUCK FLEET FUELING,Waynesburg,PA,39.8917,-80.1795,4.499
Petro-Card 24 #910722,Trenton,MO,40.0823,-93.6086,3.149
PETRO-CARD 24 #910520,Mexico,MO,39.1712,-91.8895,3.229
MFA #910591,La Plata,MO,40.0208,-92.5077,3.339
PETRO-CARD 24 #911251,King City,MO,40.0652,-94.5234,3.299
MFA #910260,Glasgow,MO,39.2257,-92.8318,3.3965
PETRO-CARD 24 #910140,California,MO,38.6224,-92.5456,3.459
Kum & Go #2404,Aurora,MO,36.9709,-93.718,3.119
MFA #911310,Centerville,IA,40.7326,-92.8728,3.12566666
MFA 910281,Milan,MO,40.1844,-93.1361,3.299
PETRO-CARD 24 #910210,Clinton,MO,38.4018,-93.785,3.399
Petro-Card 24 #910670,Qulin,MO,36.5818,-90.2617,3.199
MFA #910441,Louisiana,MO,39.4336,-91.0664,3.049
MFA 911021,Tarkio,MO,40.4418,-95.3786,3.329
BJS NEW UNDERWOOD,New Underwood,SD,44.0874,-102.8136,3.699
Good 2 Go,Geneva,NE,40.5277,-97.6096,3.36566666
VALLEYWIDE COUNTRY STORE,American Falls,ID,42.6352,-112.9458,3.599
CEFCO #422,Baker,FL,30.8316,-86.677,3.299
STARMART,Goldthwaite,TX,31.4458,-98.5744,3.099
QUIKTRIP #7132,Bloomingdale,GA,32.1177,-81.3085,3.03233333
RACEWAY #6991,Creola,AL,30.9013,-88.0174,2.949
Loves  Travel Stop #826,Parachute,CO,39.4519,-108.0529,3.59566666
THE TEXAN #12,La Vernia,TX,29.3509,-98.113,3.049
RACETRAC #204,Dawsonville,GA,34.4537,-84.155,3.319
Pride Travel Center South,South Windsor,CT,41.8341,-72.5576,3.909
QUIKTRIP #7205,Lansing,IL,41.566,-87.5446,3.079
QUIKTRIP #7247,Byram,MS,32.1888,-90.2595,2.91566666
FASTRAC MARKET #500242,Utica,NY,43.099733,-75.232033,3.899
GAS N WASH GREEN OAKS,Libertyville,IL,42.281,-87.95,3.559
ALLSUPS CONVENIENCE #2430,Jacksboro,TX,33.2347,-98.1681,3.044
Quiktrip #7173,Pell City,AL,33.5926,-86.3399,2.999
CIRCLE K #2654400,Kearneysville,WV,39.322,-77.9588,3.26566666
CIRCLE K #4705697,Warren,OH,41.257233,-80.803183,3.61233333
PETRO-CARD 24 #910474,Malta Bend,MO,39.1481,-93.3776,3.439
Kwik Trip # 1722,Gwinn,MI,46.3311,-87.4397,3.819
FAST FUEL FOOD STORES,Gassaway,WV,38.6862,-80.7863,3.56566666
PETRO-CARD 24 #910700,Sainte Genevieve,MO,37.8655,-90.1752,3.099
MARTYVILLE MARATHON,Tishomingo,MS,34.6478,-88.2194,3.279
CENEX,Leeds,ND,48.2889,-99.4376,3.249
PETRO-CARD 24 #1047,Slater,MO,39.2163,-93.0547,3.459
Phillips 66,Dexter,MO,36.7885,-89.9639,3.40233333
MFA OIL,Lake City,AR,35.8171,-90.4423,3.399
Gas Pro 6,Trenton,SC,33.6938,-81.8534,3.46566666
MFA #910600,Owensville,MO,38.3511,-91.4867,3.299
THORNTONS #221348,Homer Glen,IL,41.6028,-87.9599,3.849
Petro-Card 24 #910830,Windsor,MO,38.5272,-93.5269,3.499
GULF,Boylston,MA,42.3377,-71.731,3.839
Kwik Trip # 1721,Marquette,MI,46.5786,-87.4545,3.819
LOVES TRAVEL STOP #857,Tonopah,NV,38.0672,-117.2301,3.71566666
MAVERIK COUNTRY STORE #642,Fort Collins,CO,40.573389,-105.070522,3.259
RACEWAY #6972,Demopolis,AL,32.4908,-87.8397,3.07733333
Loves Travel Stop #873,Canon City,CO,38.46135,-105.3472,3.509
Love's Travel Stop #891,Jackpot,NV,41.8882,-114.7233,3.62733333
KWIK TRIP #1256,Iron Mountain,MI,45.8219,-88.0683,3.279
RACEWAY #6990,Foley,AL,30.41145,-87.69605,3.07566666
Maverik #695,American Fork,UT,40.3928,-111.7941,3.349
Kwik Trip #1203,Redwood Falls,MN,44.5394,-95.1169,3.349
Noble East Lyme,East Lyme,CT,41.3668,-72.233,3.759
QUIKTRIP #1139,Fountain Inn,SC,34.6578,-82.2441,3.01733333
Quiktrip #7195,Addison,IL,41.9335,-88.0054,3.079
ONE9 #484,Ash Fork,AZ,35.215,-112.5027,3.329
CASEYS #4304,Crete,NE,40.6193,-96.9567,3.45733333
7-ELEVEN #41940,West Haven,CT,41.2701,-72.9638,3.999
BREAK TIME #3172,Jefferson City,MO,38.569818,-92.184918,3.33566666
PEOTONE TRAVEL CENTER,Peotone,IL,41.3361,-87.7897,3.459
PARKERS #103,Ladson,SC,32.993,-80.1257,3.28233333
QUIKTRIP #1943,Hillsboro,TX,32.0149,-97.1198,2.919
QUIKTRIP #7178,Saraland,AL,30.8332,-88.0934,2.95733333
RACETRAC #2495,Griffin,GA,33.24765,-84.2731,3.229
Loves Travel Stop #860,Picayune,MS,30.5418,-89.691,3.15566666
FASTRAC MARKET #500270,Canastota,NY,43.0878,-75.7602,4.349
CUMBERLAND FARMS #004783,East Windsor,CT,41.9099,-72.6029,4.049
FASTRAC MARKET #500203,Wolcott,NY,43.2341,-76.8217,3.799
QUIKTRIP #4227,Mead,CO,40.2347,-104.9994,3.14733333
MARATHON,Sycamore,GA,31.6553,-83.6064,3.299
KWIK STAR #1208,Sioux Center,IA,43.0814,-96.18,3.199
SHEETZ #774,New Concord,OH,40.0088,-81.7387,3.059
RACETRAC #237,Gonzales,LA,30.226,-90.89375,3.17233333
QUICKLEES,Niagara Falls,NY,43.09664,-79.02746,3.999
TA EXPRESS BLAINE #917,Blaine,WA,48.97865,-122.7397,4.139
PILOT DEALER #1399,Litchfield Park,AZ,33.5098,-112.4135,3.584
Casey's #4539,Rock Rapids,IA,43.4272,-96.1781,3.349
TA HOSSTON #939,Hosston,LA,32.8967,-93.8834,2.92233333
Allsups Convenience #2463,Aubrey,TX,33.292,-96.9879,2.899
Allsups #2425,Granbury,TX,32.4369,-97.75135,3.029
QUIKTRIP #4174,Salado,TX,30.9494,-97.533,2.91566666
QUARLES #54232,Crane,TX,31.3969,-102.3544,3.88566666
QUARLES #54520,Purvis,MS,31.1496,-89.4623,2.979
7-ELEVEN #42019,Yukon,OK,35.4936,-97.74115,3.159
SPRINT MART #4143,Vance,AL,33.175,-87.2574,3.059
Double Quick #92,Cleveland,MS,33.6835,-90.7752,3.18233333
Maverik #731,Helena,MT,46.619712,-112.01725,3.549
STRIPES #42591,Mason,TX,30.7434,-99.2261,3.299
CIRCLE K #2704593,Spring Lake,NC,35.183,-78.9786,3.079
CEFCO #112,Marble Falls,TX,30.5784,-98.2751,2.929
QUIKTRIP #1042,Gastonia,NC,35.25414,-81.17614,3.264
CASEYS #2562,Ellsworth,KS,38.7312,-98.2057,3.46566666
SUNOCO,Willoughby,OH,41.635,-81.40705,3.859
AMOCO,Darlington,SC,34.3423,-79.8577,3.199
Amoco,Scottville,MI,43.9547,-86.2801,3.359
CHEVRON #385988,Lithonia,GA,33.70895,-84.13095,3.399
Circle K #2722258,Pierson,FL,29.2226,-81.4353,3.40233333
CIRCLE K #2723997,Stedman,NC,35.0347,-78.6949,3.399
CIRCLE K #2746514,Watford City,ND,47.8043,-103.2582,3.599
BOURBON TRAVEL PLAZA,Bourbon,IN,41.3098,-86.1174,3.499
Conoco,MC DERMITT,NV,41.9708,-117.6737,4.299
Handee Hugos #1,Riegelwood,NC,34.3471,-78.2575,3.49733333
Jack Flash Pana,Pana,IL,39.3971,-89.1048,3.099
LOVES TRAVEL STOP #883,Rural Hall,NC,36.237625,-80.29345,3.57733333
LOVES TRAVEL STOP #555,Delphos,OH,40.8336,-84.3247,3.30566666
LOVES TRAVEL STOP #886,Sarcoxie,MO,37.0724,-94.1151,3.40066666
PETE'S 49,Coffeyville,KS,37.0441,-95.6328,3.214
TERRIBLE HERBST #341,Indian Springs,NV,36.5697,-115.6706,3.899
THE PRIDE OF VILLA PARK,Villa Park,IL,41.8799,-87.9782,3.299
THORNTONS #221345,Hanover Park,IL,41.9995,-88.1451,3.759
Aeg Petroleum,Portales,NM,34.1799,-103.3363,3.68566666
TXB,Horseshoe Bay,TX,30.5443,-98.3739,2.929
GAS PRO TRAVEL CENTER,Hephzibah,GA,33.3433,-82.0887,3.599
247 TRUCK STOP,Widener,AR,35.0592,-90.6293,2.999
CIRCLE K #2726298,Mascotte,FL,28.583,-81.8941,3.539
76,Franklinville,NJ,39.6156,-75.0409,3.169
U Stop #36,Tecumseh,NE,40.3697,-96.205,3.399
Smart Stop Travel Center,Bogata,TX,33.4699,-95.1937,3.199
Gas N Wash,Lemont,IL,41.7074,-87.9756,3.299
One9 #1417,Lorena,TX,31.4093,-97.2302,2.90233333
Travel Refresh,Corrigan,TX,31.0408,-94.8124,2.949
Racetrac #182,Hampton,GA,33.4124,-84.2947,2.999
CIRCLE K #2709540,Sierra Vista,AZ,31.562225,-110.266425,3.629
Circle K #2701875,Grovetown,GA,33.4504,-82.1982,3.499
CIRCLE K #4707124,Liberty,ME,44.3741,-69.3306,4.099
CIRCLE K #2703586,Flora Vista,NM,36.8028,-108.0827,3.719
CIRCLE K #4707605,Rome,NY,43.22445,-75.44795,3.999
HOLIDAY STATIONSTORE #2746223,Andover,MN,45.2377,-93.2724,3.499
7-ELEVEN #42315,Lexington,NC,35.8496,-80.2766,3.399
RACETRAC #2631,Emerson,GA,34.12,-84.757,2.88733333
J STARR,Hankinson,ND,46.0558,-96.8991,3.499
QUIKTRIP #7204,University Park,IL,41.4418,-87.7101,3.079
MAVERIK #5148,Kremmling,CO,40.0632,-106.3955,3.679
Shelee's Travel Center,Coachella,CA,33.675,-116.1772,3.949
KWIK STAR #1153,Milford,IA,43.3196,-95.1615,3.324
Kwik Star #1213,North Liberty,IA,41.7443,-91.6061,3.159
Quiktrip #1148,Flat Rock,NC,35.289,-82.3916,2.849
GAS N WASH,Lockport,IL,41.593,-88.0507,3.399
MARATHON,Taylor,MI,42.2317,-83.2673,3.499
Kwik Star #1296,Harrisburg,SD,43.446,-96.6864,2.939
RaceTrac #2654,Greensboro,GA,33.5637,-83.1702,3.399
ROAD RANGER #319,Milford,TX,32.1482,-96.9612,3.03066666
KWIK TRIP #1283,Hartland,WI,43.1172,-88.3446,3.749
Kwik Trip #1298,Mondovi,WI,44.4877,-91.6807,3.349
ALLSUPS CONVENIENCE STORE #2477,Kiowa,OK,34.7278,-95.9328,2.95733333
TRUCKERS INN STOP,De Forest,WI,43.753874,-88.220808,3.199
CIRCLE K #2723205,Winston Salem,NC,36.099813,-80.244052,3.52066666
